--
-- PostgreSQL database dump
--

SET statement_timeout = 0;
SET lock_timeout = 0;
SET client_encoding = 'UTF8';
SET standard_conforming_strings = on;
SET check_function_bodies = false;
SET client_min_messages = warning;

--
-- Name: demo; Type: SCHEMA; Schema: -; Owner: postgres
--

CREATE SCHEMA demo;


ALTER SCHEMA demo OWNER TO postgres;

--
-- Name: philly; Type: SCHEMA; Schema: -; Owner: postgres
--

CREATE SCHEMA philly;


ALTER SCHEMA philly OWNER TO postgres;

--
-- Name: phillyfreeschool; Type: SCHEMA; Schema: -; Owner: postgres
--

CREATE SCHEMA phillyfreeschool;


ALTER SCHEMA phillyfreeschool OWNER TO postgres;

--
-- Name: plpgsql; Type: EXTENSION; Schema: -; Owner: 
--

CREATE EXTENSION IF NOT EXISTS plpgsql WITH SCHEMA pg_catalog;


--
-- Name: EXTENSION plpgsql; Type: COMMENT; Schema: -; Owner: 
--

COMMENT ON EXTENSION plpgsql IS 'PL/pgSQL procedural language';


SET search_path = demo, pg_catalog;

--
-- Name: school_days(text, bigint); Type: FUNCTION; Schema: demo; Owner: postgres
--

CREATE FUNCTION school_days(year_name text, class_id bigint) RETURNS TABLE(days date, student_id bigint, archived boolean, olderdate date)
    LANGUAGE sql
    AS $_$

SELECT a.days, s._id student_id, s.archived, s.olderdate
FROM (SELECT DISTINCT days2.days
    FROM (SELECT
            (CASE WHEN date(s.in_time AT TIME ZONE 'America/New_York')  IS NULL
            THEN date(s.out_time AT TIME ZONE 'America/New_York')
            ELSE date(s.in_time AT TIME ZONE 'America/New_York') END) AS days
         FROM demo.roundedswipes s
         INNER JOIN demo.years y
            ON ((s.out_time BETWEEN y.from_date AND y.to_date)
            OR (s.in_time BETWEEN y.from_date AND y.to_date))
         JOIN demo.classes c ON (c.active = true)
         JOIN demo.classes_X_students cXs ON (cXs.class_id = c._id
                                         AND s.student_id = cXs.student_id)
         WHERE y.name = $1) days2
         ORDER BY days2.days) AS a
JOIN demo.classes_X_students cXs ON (1=1)
JOIN demo.students s ON (s._id = cXs.student_id)
WHERE cXs.class_id = $2
$_$;


ALTER FUNCTION demo.school_days(year_name text, class_id bigint) OWNER TO postgres;

SET search_path = phillyfreeschool, pg_catalog;

--
-- Name: school_days(text, bigint); Type: FUNCTION; Schema: phillyfreeschool; Owner: postgres
--

CREATE FUNCTION school_days(year_name text, class_id bigint) RETURNS TABLE(days date, student_id bigint, archived boolean, olderdate date)
    LANGUAGE sql
    AS $_$

SELECT a.days, s._id student_id, s.archived, s.olderdate
FROM (SELECT DISTINCT days2.days
    FROM (SELECT
            (CASE WHEN date(s.in_time AT TIME ZONE 'America/New_York')  IS NULL
            THEN date(s.out_time AT TIME ZONE 'America/New_York')
            ELSE date(s.in_time AT TIME ZONE 'America/New_York') END) AS days
         FROM phillyfreeschool.roundedswipes s
         INNER JOIN phillyfreeschool.years y
            ON ((s.out_time BETWEEN y.from_date AND y.to_date)
            OR (s.in_time BETWEEN y.from_date AND y.to_date))
         JOIN phillyfreeschool.classes c ON (c.active = true)
         JOIN phillyfreeschool.classes_X_students cXs ON (cXs.class_id = c._id
                                         AND s.student_id = cXs.student_id)
         WHERE y.name = $1) days2
         ORDER BY days2.days) AS a
JOIN phillyfreeschool.classes_X_students cXs ON (1=1)
JOIN phillyfreeschool.students s ON (s._id = cXs.student_id)
WHERE cXs.class_id = $2
$_$;


ALTER FUNCTION phillyfreeschool.school_days(year_name text, class_id bigint) OWNER TO postgres;

SET search_path = public, pg_catalog;

--
-- Name: school_days(text, bigint, bigint); Type: FUNCTION; Schema: public; Owner: postgres
--

CREATE FUNCTION school_days(year_name text, class_id bigint, school_id bigint) RETURNS TABLE(days date, student_id bigint, archived boolean, olderdate date)
    LANGUAGE sql
    AS $_$

SELECT a.days, s._id student_id, s.archived, s.olderdate
FROM (SELECT DISTINCT days2.days
    FROM (SELECT
            (CASE WHEN date(s.in_time AT TIME ZONE 'America/New_York')  IS NULL
            THEN date(s.out_time AT TIME ZONE 'America/New_York')
            ELSE date(s.in_time AT TIME ZONE 'America/New_York') END) AS days
         FROM swipes s
         INNER JOIN years y
            ON ((s.out_time BETWEEN y.from_date AND y.to_date)
            OR (s.in_time BETWEEN y.from_date AND y.to_date))
         JOIN classes c ON (c.active = true)
         JOIN classes_X_students cXs ON (cXs.class_id = c._id
                                         AND s.student_id = cXs.student_id)
         WHERE y.name = $1
         AND y.school_id = $3
         AND s.school_id = $3
         ) days2
         ORDER BY days2.days) AS a
JOIN classes_X_students cXs ON (1=1)
JOIN students s ON (s._id = cXs.student_id)
WHERE cXs.class_id = $2
AND s.school_id = $3
$_$;


ALTER FUNCTION public.school_days(year_name text, class_id bigint, school_id bigint) OWNER TO postgres;

SET search_path = demo, pg_catalog;

SET default_tablespace = '';

SET default_with_oids = false;

--
-- Name: classes; Type: TABLE; Schema: demo; Owner: postgres; Tablespace: 
--

CREATE TABLE classes (
    _id bigint NOT NULL,
    name character varying(255),
    inserted_date timestamp without time zone DEFAULT now(),
    active boolean DEFAULT false NOT NULL
);


ALTER TABLE demo.classes OWNER TO postgres;

--
-- Name: classes__id_seq; Type: SEQUENCE; Schema: demo; Owner: postgres
--

CREATE SEQUENCE classes__id_seq
    START WITH 1
    INCREMENT BY 1
    NO MINVALUE
    NO MAXVALUE
    CACHE 1;


ALTER TABLE demo.classes__id_seq OWNER TO postgres;

--
-- Name: classes__id_seq; Type: SEQUENCE OWNED BY; Schema: demo; Owner: postgres
--

ALTER SEQUENCE classes__id_seq OWNED BY classes._id;


--
-- Name: classes_x_students; Type: TABLE; Schema: demo; Owner: postgres; Tablespace: 
--

CREATE TABLE classes_x_students (
    class_id bigint NOT NULL,
    student_id bigint NOT NULL
);


ALTER TABLE demo.classes_x_students OWNER TO postgres;

--
-- Name: excuses; Type: TABLE; Schema: demo; Owner: postgres; Tablespace: 
--

CREATE TABLE excuses (
    _id bigint NOT NULL,
    student_id bigint NOT NULL,
    inserted_date timestamp without time zone DEFAULT now(),
    date date
);


ALTER TABLE demo.excuses OWNER TO postgres;

--
-- Name: excuses__id_seq; Type: SEQUENCE; Schema: demo; Owner: postgres
--

CREATE SEQUENCE excuses__id_seq
    START WITH 1
    INCREMENT BY 1
    NO MINVALUE
    NO MAXVALUE
    CACHE 1;


ALTER TABLE demo.excuses__id_seq OWNER TO postgres;

--
-- Name: excuses__id_seq; Type: SEQUENCE OWNED BY; Schema: demo; Owner: postgres
--

ALTER SEQUENCE excuses__id_seq OWNED BY excuses._id;


--
-- Name: excuses_student_id_seq; Type: SEQUENCE; Schema: demo; Owner: postgres
--

CREATE SEQUENCE excuses_student_id_seq
    START WITH 1
    INCREMENT BY 1
    NO MINVALUE
    NO MAXVALUE
    CACHE 1;


ALTER TABLE demo.excuses_student_id_seq OWNER TO postgres;

--
-- Name: excuses_student_id_seq; Type: SEQUENCE OWNED BY; Schema: demo; Owner: postgres
--

ALTER SEQUENCE excuses_student_id_seq OWNED BY excuses.student_id;


--
-- Name: overrides; Type: TABLE; Schema: demo; Owner: postgres; Tablespace: 
--

CREATE TABLE overrides (
    _id bigint NOT NULL,
    student_id bigint NOT NULL,
    inserted_date timestamp without time zone DEFAULT now(),
    date date
);


ALTER TABLE demo.overrides OWNER TO postgres;

--
-- Name: overrides__id_seq; Type: SEQUENCE; Schema: demo; Owner: postgres
--

CREATE SEQUENCE overrides__id_seq
    START WITH 1
    INCREMENT BY 1
    NO MINVALUE
    NO MAXVALUE
    CACHE 1;


ALTER TABLE demo.overrides__id_seq OWNER TO postgres;

--
-- Name: overrides__id_seq; Type: SEQUENCE OWNED BY; Schema: demo; Owner: postgres
--

ALTER SEQUENCE overrides__id_seq OWNED BY overrides._id;


--
-- Name: overrides_student_id_seq; Type: SEQUENCE; Schema: demo; Owner: postgres
--

CREATE SEQUENCE overrides_student_id_seq
    START WITH 1
    INCREMENT BY 1
    NO MINVALUE
    NO MAXVALUE
    CACHE 1;


ALTER TABLE demo.overrides_student_id_seq OWNER TO postgres;

--
-- Name: overrides_student_id_seq; Type: SEQUENCE OWNED BY; Schema: demo; Owner: postgres
--

ALTER SEQUENCE overrides_student_id_seq OWNED BY overrides.student_id;


--
-- Name: swipes; Type: TABLE; Schema: demo; Owner: postgres; Tablespace: 
--

CREATE TABLE swipes (
    _id bigint NOT NULL,
    student_id bigint NOT NULL,
    in_time timestamp with time zone,
    inserted_date timestamp without time zone DEFAULT now(),
    out_time timestamp with time zone
);


ALTER TABLE demo.swipes OWNER TO postgres;

--
-- Name: roundedswipes; Type: VIEW; Schema: demo; Owner: postgres
--

CREATE VIEW roundedswipes AS
 SELECT swipes._id,
    swipes.in_time,
    swipes.out_time,
    swipes.student_id
   FROM swipes;


ALTER TABLE demo.roundedswipes OWNER TO postgres;

--
-- Name: students; Type: TABLE; Schema: demo; Owner: postgres; Tablespace: 
--

CREATE TABLE students (
    _id bigint NOT NULL,
    name character varying(255),
    inserted_date timestamp without time zone DEFAULT now(),
    olderdate date,
    show_as_absent date,
    archived boolean DEFAULT false NOT NULL
);


ALTER TABLE demo.students OWNER TO postgres;

--
-- Name: students__id_seq; Type: SEQUENCE; Schema: demo; Owner: postgres
--

CREATE SEQUENCE students__id_seq
    START WITH 1
    INCREMENT BY 1
    NO MINVALUE
    NO MAXVALUE
    CACHE 1;


ALTER TABLE demo.students__id_seq OWNER TO postgres;

--
-- Name: students__id_seq; Type: SEQUENCE OWNED BY; Schema: demo; Owner: postgres
--

ALTER SEQUENCE students__id_seq OWNED BY students._id;


--
-- Name: swipes__id_seq; Type: SEQUENCE; Schema: demo; Owner: postgres
--

CREATE SEQUENCE swipes__id_seq
    START WITH 1
    INCREMENT BY 1
    NO MINVALUE
    NO MAXVALUE
    CACHE 1;


ALTER TABLE demo.swipes__id_seq OWNER TO postgres;

--
-- Name: swipes__id_seq; Type: SEQUENCE OWNED BY; Schema: demo; Owner: postgres
--

ALTER SEQUENCE swipes__id_seq OWNED BY swipes._id;


--
-- Name: swipes_student_id_seq; Type: SEQUENCE; Schema: demo; Owner: postgres
--

CREATE SEQUENCE swipes_student_id_seq
    START WITH 1
    INCREMENT BY 1
    NO MINVALUE
    NO MAXVALUE
    CACHE 1;


ALTER TABLE demo.swipes_student_id_seq OWNER TO postgres;

--
-- Name: swipes_student_id_seq; Type: SEQUENCE OWNED BY; Schema: demo; Owner: postgres
--

ALTER SEQUENCE swipes_student_id_seq OWNED BY swipes.student_id;


--
-- Name: years; Type: TABLE; Schema: demo; Owner: postgres; Tablespace: 
--

CREATE TABLE years (
    _id bigint NOT NULL,
    from_date timestamp with time zone,
    to_date timestamp with time zone,
    inserted_date timestamp without time zone DEFAULT now(),
    name character varying(255)
);


ALTER TABLE demo.years OWNER TO postgres;

--
-- Name: years__id_seq; Type: SEQUENCE; Schema: demo; Owner: postgres
--

CREATE SEQUENCE years__id_seq
    START WITH 1
    INCREMENT BY 1
    NO MINVALUE
    NO MAXVALUE
    CACHE 1;


ALTER TABLE demo.years__id_seq OWNER TO postgres;

--
-- Name: years__id_seq; Type: SEQUENCE OWNED BY; Schema: demo; Owner: postgres
--

ALTER SEQUENCE years__id_seq OWNED BY years._id;


SET search_path = philly, pg_catalog;

--
-- Name: students; Type: TABLE; Schema: philly; Owner: postgres; Tablespace: 
--

CREATE TABLE students (
    _id bigint NOT NULL,
    name character varying(255),
    inserted_date timestamp without time zone DEFAULT now(),
    olderdate date,
    show_as_absent date,
    archived boolean DEFAULT false NOT NULL
);


ALTER TABLE philly.students OWNER TO postgres;

--
-- Name: students__id_seq; Type: SEQUENCE; Schema: philly; Owner: postgres
--

CREATE SEQUENCE students__id_seq
    START WITH 1
    INCREMENT BY 1
    NO MINVALUE
    NO MAXVALUE
    CACHE 1;


ALTER TABLE philly.students__id_seq OWNER TO postgres;

--
-- Name: students__id_seq; Type: SEQUENCE OWNED BY; Schema: philly; Owner: postgres
--

ALTER SEQUENCE students__id_seq OWNED BY students._id;


SET search_path = phillyfreeschool, pg_catalog;

--
-- Name: classes; Type: TABLE; Schema: phillyfreeschool; Owner: postgres; Tablespace: 
--

CREATE TABLE classes (
    _id bigint NOT NULL,
    name character varying(255),
    inserted_date timestamp without time zone DEFAULT now(),
    active boolean DEFAULT false NOT NULL
);


ALTER TABLE phillyfreeschool.classes OWNER TO postgres;

--
-- Name: classes__id_seq; Type: SEQUENCE; Schema: phillyfreeschool; Owner: postgres
--

CREATE SEQUENCE classes__id_seq
    START WITH 1
    INCREMENT BY 1
    NO MINVALUE
    NO MAXVALUE
    CACHE 1;


ALTER TABLE phillyfreeschool.classes__id_seq OWNER TO postgres;

--
-- Name: classes__id_seq; Type: SEQUENCE OWNED BY; Schema: phillyfreeschool; Owner: postgres
--

ALTER SEQUENCE classes__id_seq OWNED BY classes._id;


--
-- Name: classes_x_students; Type: TABLE; Schema: phillyfreeschool; Owner: postgres; Tablespace: 
--

CREATE TABLE classes_x_students (
    class_id bigint NOT NULL,
    student_id bigint NOT NULL
);


ALTER TABLE phillyfreeschool.classes_x_students OWNER TO postgres;

--
-- Name: excuses; Type: TABLE; Schema: phillyfreeschool; Owner: postgres; Tablespace: 
--

CREATE TABLE excuses (
    _id bigint NOT NULL,
    student_id bigint NOT NULL,
    inserted_date timestamp without time zone DEFAULT now(),
    date date
);


ALTER TABLE phillyfreeschool.excuses OWNER TO postgres;

--
-- Name: excuses__id_seq; Type: SEQUENCE; Schema: phillyfreeschool; Owner: postgres
--

CREATE SEQUENCE excuses__id_seq
    START WITH 1
    INCREMENT BY 1
    NO MINVALUE
    NO MAXVALUE
    CACHE 1;


ALTER TABLE phillyfreeschool.excuses__id_seq OWNER TO postgres;

--
-- Name: excuses__id_seq; Type: SEQUENCE OWNED BY; Schema: phillyfreeschool; Owner: postgres
--

ALTER SEQUENCE excuses__id_seq OWNED BY excuses._id;


--
-- Name: excuses_student_id_seq; Type: SEQUENCE; Schema: phillyfreeschool; Owner: postgres
--

CREATE SEQUENCE excuses_student_id_seq
    START WITH 1
    INCREMENT BY 1
    NO MINVALUE
    NO MAXVALUE
    CACHE 1;


ALTER TABLE phillyfreeschool.excuses_student_id_seq OWNER TO postgres;

--
-- Name: excuses_student_id_seq; Type: SEQUENCE OWNED BY; Schema: phillyfreeschool; Owner: postgres
--

ALTER SEQUENCE excuses_student_id_seq OWNED BY excuses.student_id;


--
-- Name: overrides; Type: TABLE; Schema: phillyfreeschool; Owner: postgres; Tablespace: 
--

CREATE TABLE overrides (
    _id bigint NOT NULL,
    student_id bigint NOT NULL,
    inserted_date timestamp without time zone DEFAULT now(),
    date date
);


ALTER TABLE phillyfreeschool.overrides OWNER TO postgres;

--
-- Name: overrides__id_seq; Type: SEQUENCE; Schema: phillyfreeschool; Owner: postgres
--

CREATE SEQUENCE overrides__id_seq
    START WITH 1
    INCREMENT BY 1
    NO MINVALUE
    NO MAXVALUE
    CACHE 1;


ALTER TABLE phillyfreeschool.overrides__id_seq OWNER TO postgres;

--
-- Name: overrides__id_seq; Type: SEQUENCE OWNED BY; Schema: phillyfreeschool; Owner: postgres
--

ALTER SEQUENCE overrides__id_seq OWNED BY overrides._id;


--
-- Name: overrides_student_id_seq; Type: SEQUENCE; Schema: phillyfreeschool; Owner: postgres
--

CREATE SEQUENCE overrides_student_id_seq
    START WITH 1
    INCREMENT BY 1
    NO MINVALUE
    NO MAXVALUE
    CACHE 1;


ALTER TABLE phillyfreeschool.overrides_student_id_seq OWNER TO postgres;

--
-- Name: overrides_student_id_seq; Type: SEQUENCE OWNED BY; Schema: phillyfreeschool; Owner: postgres
--

ALTER SEQUENCE overrides_student_id_seq OWNED BY overrides.student_id;


--
-- Name: swipes; Type: TABLE; Schema: phillyfreeschool; Owner: postgres; Tablespace: 
--

CREATE TABLE swipes (
    _id bigint NOT NULL,
    student_id bigint NOT NULL,
    in_time timestamp with time zone,
    inserted_date timestamp without time zone DEFAULT now(),
    out_time timestamp with time zone
);


ALTER TABLE phillyfreeschool.swipes OWNER TO postgres;

--
-- Name: roundedswipes; Type: VIEW; Schema: phillyfreeschool; Owner: postgres
--

CREATE VIEW roundedswipes AS
 SELECT s._id,
        CASE
            WHEN ((date_part('hours'::text, timezone('America/New_York'::text, s.in_time)) < (9)::double precision) AND (date_part('hours'::text, timezone('America/New_York'::text, s.in_time)) < (16)::double precision)) THEN ((date_trunc('day'::text, timezone('America/New_York'::text, s.in_time)) + '09:00:00'::interval))::timestamp with time zone
            WHEN (date_part('hours'::text, timezone('America/New_York'::text, s.in_time)) >= (16)::double precision) THEN ((date_trunc('day'::text, timezone('America/New_York'::text, s.in_time)) + '16:00:00'::interval))::timestamp with time zone
            ELSE s.in_time
        END AS in_time,
        CASE
            WHEN (date_part('hours'::text, timezone('America/New_York'::text, s.out_time)) >= (16)::double precision) THEN ((date_trunc('day'::text, timezone('America/New_York'::text, s.out_time)) + '16:00:00'::interval))::timestamp with time zone
            WHEN (date_part('hours'::text, timezone('America/New_York'::text, s.out_time)) < (9)::double precision) THEN ((date_trunc('day'::text, timezone('America/New_York'::text, s.out_time)) + '09:00:00'::interval))::timestamp with time zone
            ELSE s.out_time
        END AS out_time,
    s.student_id
   FROM swipes s;


ALTER TABLE phillyfreeschool.roundedswipes OWNER TO postgres;

--
-- Name: students; Type: TABLE; Schema: phillyfreeschool; Owner: postgres; Tablespace: 
--

CREATE TABLE students (
    _id bigint NOT NULL,
    name character varying(255),
    inserted_date timestamp without time zone DEFAULT now(),
    olderdate date,
    show_as_absent date,
    archived boolean DEFAULT false NOT NULL
);


ALTER TABLE phillyfreeschool.students OWNER TO postgres;

--
-- Name: students__id_seq; Type: SEQUENCE; Schema: phillyfreeschool; Owner: postgres
--

CREATE SEQUENCE students__id_seq
    START WITH 1
    INCREMENT BY 1
    NO MINVALUE
    NO MAXVALUE
    CACHE 1;


ALTER TABLE phillyfreeschool.students__id_seq OWNER TO postgres;

--
-- Name: students__id_seq; Type: SEQUENCE OWNED BY; Schema: phillyfreeschool; Owner: postgres
--

ALTER SEQUENCE students__id_seq OWNED BY students._id;


--
-- Name: swipes__id_seq; Type: SEQUENCE; Schema: phillyfreeschool; Owner: postgres
--

CREATE SEQUENCE swipes__id_seq
    START WITH 1
    INCREMENT BY 1
    NO MINVALUE
    NO MAXVALUE
    CACHE 1;


ALTER TABLE phillyfreeschool.swipes__id_seq OWNER TO postgres;

--
-- Name: swipes__id_seq; Type: SEQUENCE OWNED BY; Schema: phillyfreeschool; Owner: postgres
--

ALTER SEQUENCE swipes__id_seq OWNED BY swipes._id;


--
-- Name: swipes_student_id_seq; Type: SEQUENCE; Schema: phillyfreeschool; Owner: postgres
--

CREATE SEQUENCE swipes_student_id_seq
    START WITH 1
    INCREMENT BY 1
    NO MINVALUE
    NO MAXVALUE
    CACHE 1;


ALTER TABLE phillyfreeschool.swipes_student_id_seq OWNER TO postgres;

--
-- Name: swipes_student_id_seq; Type: SEQUENCE OWNED BY; Schema: phillyfreeschool; Owner: postgres
--

ALTER SEQUENCE swipes_student_id_seq OWNED BY swipes.student_id;


--
-- Name: users; Type: TABLE; Schema: phillyfreeschool; Owner: postgres; Tablespace: 
--

CREATE TABLE users (
    user_id bigint NOT NULL,
    username character varying(255),
    password character varying(255),
    roles character varying(255),
    inserted_date timestamp without time zone DEFAULT now()
);


ALTER TABLE phillyfreeschool.users OWNER TO postgres;

--
-- Name: users_user_id_seq; Type: SEQUENCE; Schema: phillyfreeschool; Owner: postgres
--

CREATE SEQUENCE users_user_id_seq
    START WITH 1
    INCREMENT BY 1
    NO MINVALUE
    NO MAXVALUE
    CACHE 1;


ALTER TABLE phillyfreeschool.users_user_id_seq OWNER TO postgres;

--
-- Name: users_user_id_seq; Type: SEQUENCE OWNED BY; Schema: phillyfreeschool; Owner: postgres
--

ALTER SEQUENCE users_user_id_seq OWNED BY users.user_id;


--
-- Name: years; Type: TABLE; Schema: phillyfreeschool; Owner: postgres; Tablespace: 
--

CREATE TABLE years (
    _id bigint NOT NULL,
    from_date timestamp with time zone,
    to_date timestamp with time zone,
    inserted_date timestamp without time zone DEFAULT now(),
    name character varying(255)
);


ALTER TABLE phillyfreeschool.years OWNER TO postgres;

--
-- Name: years__id_seq; Type: SEQUENCE; Schema: phillyfreeschool; Owner: postgres
--

CREATE SEQUENCE years__id_seq
    START WITH 1
    INCREMENT BY 1
    NO MINVALUE
    NO MAXVALUE
    CACHE 1;


ALTER TABLE phillyfreeschool.years__id_seq OWNER TO postgres;

--
-- Name: years__id_seq; Type: SEQUENCE OWNED BY; Schema: phillyfreeschool; Owner: postgres
--

ALTER SEQUENCE years__id_seq OWNED BY years._id;


SET search_path = public, pg_catalog;

--
-- Name: schema_migrations; Type: TABLE; Schema: public; Owner: postgres; Tablespace: 
--

CREATE TABLE schema_migrations (
    id bigint NOT NULL
);


ALTER TABLE public.schema_migrations OWNER TO postgres;

--
-- Name: schools; Type: TABLE; Schema: public; Owner: postgres; Tablespace: 
--

CREATE TABLE schools (
    school_id bigint NOT NULL,
    name character varying(255),
    inserted_date timestamp without time zone DEFAULT now()
);


ALTER TABLE public.schools OWNER TO postgres;

--
-- Name: schools_school_id_seq; Type: SEQUENCE; Schema: public; Owner: postgres
--

CREATE SEQUENCE schools_school_id_seq
    START WITH 1
    INCREMENT BY 1
    NO MINVALUE
    NO MAXVALUE
    CACHE 1;


ALTER TABLE public.schools_school_id_seq OWNER TO postgres;

--
-- Name: schools_school_id_seq; Type: SEQUENCE OWNED BY; Schema: public; Owner: postgres
--

ALTER SEQUENCE schools_school_id_seq OWNED BY schools.school_id;


--
-- Name: session_store; Type: TABLE; Schema: public; Owner: postgres; Tablespace: 
--

CREATE TABLE session_store (
    session_id character varying(36) NOT NULL,
    idle_timeout bigint,
    absolute_timeout bigint,
    value bytea
);


ALTER TABLE public.session_store OWNER TO postgres;

--
-- Name: users; Type: TABLE; Schema: public; Owner: postgres; Tablespace: 
--

CREATE TABLE users (
    user_id bigint NOT NULL,
    username character varying(255),
    password character varying(255),
    roles character varying(255),
    schema_name character varying(255),
    inserted_date timestamp without time zone DEFAULT now()
);


ALTER TABLE public.users OWNER TO postgres;

--
-- Name: users_user_id_seq; Type: SEQUENCE; Schema: public; Owner: postgres
--

CREATE SEQUENCE users_user_id_seq
    START WITH 1
    INCREMENT BY 1
    NO MINVALUE
    NO MAXVALUE
    CACHE 1;


ALTER TABLE public.users_user_id_seq OWNER TO postgres;

--
-- Name: users_user_id_seq; Type: SEQUENCE OWNED BY; Schema: public; Owner: postgres
--

ALTER SEQUENCE users_user_id_seq OWNED BY users.user_id;


SET search_path = demo, pg_catalog;

--
-- Name: _id; Type: DEFAULT; Schema: demo; Owner: postgres
--

ALTER TABLE ONLY classes ALTER COLUMN _id SET DEFAULT nextval('classes__id_seq'::regclass);


--
-- Name: _id; Type: DEFAULT; Schema: demo; Owner: postgres
--

ALTER TABLE ONLY excuses ALTER COLUMN _id SET DEFAULT nextval('excuses__id_seq'::regclass);


--
-- Name: student_id; Type: DEFAULT; Schema: demo; Owner: postgres
--

ALTER TABLE ONLY excuses ALTER COLUMN student_id SET DEFAULT nextval('excuses_student_id_seq'::regclass);


--
-- Name: _id; Type: DEFAULT; Schema: demo; Owner: postgres
--

ALTER TABLE ONLY overrides ALTER COLUMN _id SET DEFAULT nextval('overrides__id_seq'::regclass);


--
-- Name: student_id; Type: DEFAULT; Schema: demo; Owner: postgres
--

ALTER TABLE ONLY overrides ALTER COLUMN student_id SET DEFAULT nextval('overrides_student_id_seq'::regclass);


--
-- Name: _id; Type: DEFAULT; Schema: demo; Owner: postgres
--

ALTER TABLE ONLY students ALTER COLUMN _id SET DEFAULT nextval('students__id_seq'::regclass);


--
-- Name: _id; Type: DEFAULT; Schema: demo; Owner: postgres
--

ALTER TABLE ONLY swipes ALTER COLUMN _id SET DEFAULT nextval('swipes__id_seq'::regclass);


--
-- Name: student_id; Type: DEFAULT; Schema: demo; Owner: postgres
--

ALTER TABLE ONLY swipes ALTER COLUMN student_id SET DEFAULT nextval('swipes_student_id_seq'::regclass);


--
-- Name: _id; Type: DEFAULT; Schema: demo; Owner: postgres
--

ALTER TABLE ONLY years ALTER COLUMN _id SET DEFAULT nextval('years__id_seq'::regclass);


SET search_path = philly, pg_catalog;

--
-- Name: _id; Type: DEFAULT; Schema: philly; Owner: postgres
--

ALTER TABLE ONLY students ALTER COLUMN _id SET DEFAULT nextval('students__id_seq'::regclass);


SET search_path = phillyfreeschool, pg_catalog;

--
-- Name: _id; Type: DEFAULT; Schema: phillyfreeschool; Owner: postgres
--

ALTER TABLE ONLY classes ALTER COLUMN _id SET DEFAULT nextval('classes__id_seq'::regclass);


--
-- Name: _id; Type: DEFAULT; Schema: phillyfreeschool; Owner: postgres
--

ALTER TABLE ONLY excuses ALTER COLUMN _id SET DEFAULT nextval('excuses__id_seq'::regclass);


--
-- Name: student_id; Type: DEFAULT; Schema: phillyfreeschool; Owner: postgres
--

ALTER TABLE ONLY excuses ALTER COLUMN student_id SET DEFAULT nextval('excuses_student_id_seq'::regclass);


--
-- Name: _id; Type: DEFAULT; Schema: phillyfreeschool; Owner: postgres
--

ALTER TABLE ONLY overrides ALTER COLUMN _id SET DEFAULT nextval('overrides__id_seq'::regclass);


--
-- Name: student_id; Type: DEFAULT; Schema: phillyfreeschool; Owner: postgres
--

ALTER TABLE ONLY overrides ALTER COLUMN student_id SET DEFAULT nextval('overrides_student_id_seq'::regclass);


--
-- Name: _id; Type: DEFAULT; Schema: phillyfreeschool; Owner: postgres
--

ALTER TABLE ONLY students ALTER COLUMN _id SET DEFAULT nextval('students__id_seq'::regclass);


--
-- Name: _id; Type: DEFAULT; Schema: phillyfreeschool; Owner: postgres
--

ALTER TABLE ONLY swipes ALTER COLUMN _id SET DEFAULT nextval('swipes__id_seq'::regclass);


--
-- Name: student_id; Type: DEFAULT; Schema: phillyfreeschool; Owner: postgres
--

ALTER TABLE ONLY swipes ALTER COLUMN student_id SET DEFAULT nextval('swipes_student_id_seq'::regclass);


--
-- Name: user_id; Type: DEFAULT; Schema: phillyfreeschool; Owner: postgres
--

ALTER TABLE ONLY users ALTER COLUMN user_id SET DEFAULT nextval('users_user_id_seq'::regclass);


--
-- Name: _id; Type: DEFAULT; Schema: phillyfreeschool; Owner: postgres
--

ALTER TABLE ONLY years ALTER COLUMN _id SET DEFAULT nextval('years__id_seq'::regclass);


SET search_path = public, pg_catalog;

--
-- Name: school_id; Type: DEFAULT; Schema: public; Owner: postgres
--

ALTER TABLE ONLY schools ALTER COLUMN school_id SET DEFAULT nextval('schools_school_id_seq'::regclass);


--
-- Name: user_id; Type: DEFAULT; Schema: public; Owner: postgres
--

ALTER TABLE ONLY users ALTER COLUMN user_id SET DEFAULT nextval('users_user_id_seq'::regclass);


SET search_path = demo, pg_catalog;

--
-- Data for Name: classes; Type: TABLE DATA; Schema: demo; Owner: postgres
--

COPY classes (_id, name, inserted_date, active) FROM stdin;
\.


--
-- Name: classes__id_seq; Type: SEQUENCE SET; Schema: demo; Owner: postgres
--

SELECT pg_catalog.setval('classes__id_seq', 1, false);


--
-- Data for Name: classes_x_students; Type: TABLE DATA; Schema: demo; Owner: postgres
--

COPY classes_x_students (class_id, student_id) FROM stdin;
\.


--
-- Data for Name: excuses; Type: TABLE DATA; Schema: demo; Owner: postgres
--

COPY excuses (_id, student_id, inserted_date, date) FROM stdin;
\.


--
-- Name: excuses__id_seq; Type: SEQUENCE SET; Schema: demo; Owner: postgres
--

SELECT pg_catalog.setval('excuses__id_seq', 1, false);


--
-- Name: excuses_student_id_seq; Type: SEQUENCE SET; Schema: demo; Owner: postgres
--

SELECT pg_catalog.setval('excuses_student_id_seq', 1, false);


--
-- Data for Name: overrides; Type: TABLE DATA; Schema: demo; Owner: postgres
--

COPY overrides (_id, student_id, inserted_date, date) FROM stdin;
\.


--
-- Name: overrides__id_seq; Type: SEQUENCE SET; Schema: demo; Owner: postgres
--

SELECT pg_catalog.setval('overrides__id_seq', 1, false);


--
-- Name: overrides_student_id_seq; Type: SEQUENCE SET; Schema: demo; Owner: postgres
--

SELECT pg_catalog.setval('overrides_student_id_seq', 1, false);


--
-- Data for Name: students; Type: TABLE DATA; Schema: demo; Owner: postgres
--

COPY students (_id, name, inserted_date, olderdate, show_as_absent, archived) FROM stdin;
\.


--
-- Name: students__id_seq; Type: SEQUENCE SET; Schema: demo; Owner: postgres
--

SELECT pg_catalog.setval('students__id_seq', 1, false);


--
-- Data for Name: swipes; Type: TABLE DATA; Schema: demo; Owner: postgres
--

COPY swipes (_id, student_id, in_time, inserted_date, out_time) FROM stdin;
\.


--
-- Name: swipes__id_seq; Type: SEQUENCE SET; Schema: demo; Owner: postgres
--

SELECT pg_catalog.setval('swipes__id_seq', 1, false);


--
-- Name: swipes_student_id_seq; Type: SEQUENCE SET; Schema: demo; Owner: postgres
--

SELECT pg_catalog.setval('swipes_student_id_seq', 1, false);


--
-- Data for Name: years; Type: TABLE DATA; Schema: demo; Owner: postgres
--

COPY years (_id, from_date, to_date, inserted_date, name) FROM stdin;
\.


--
-- Name: years__id_seq; Type: SEQUENCE SET; Schema: demo; Owner: postgres
--

SELECT pg_catalog.setval('years__id_seq', 1, false);


SET search_path = philly, pg_catalog;

--
-- Data for Name: students; Type: TABLE DATA; Schema: philly; Owner: postgres
--

COPY students (_id, name, inserted_date, olderdate, show_as_absent, archived) FROM stdin;
\.


--
-- Name: students__id_seq; Type: SEQUENCE SET; Schema: philly; Owner: postgres
--

SELECT pg_catalog.setval('students__id_seq', 1, false);


SET search_path = phillyfreeschool, pg_catalog;

--
-- Data for Name: classes; Type: TABLE DATA; Schema: phillyfreeschool; Owner: postgres
--

COPY classes (_id, name, inserted_date, active) FROM stdin;
2	2014-2015	2016-01-29 06:59:32.102037	t
\.


--
-- Name: classes__id_seq; Type: SEQUENCE SET; Schema: phillyfreeschool; Owner: postgres
--

SELECT pg_catalog.setval('classes__id_seq', 2, true);


--
-- Data for Name: classes_x_students; Type: TABLE DATA; Schema: phillyfreeschool; Owner: postgres
--

COPY classes_x_students (class_id, student_id) FROM stdin;
2	1
2	2
2	3
2	4
2	5
2	6
2	7
2	8
2	9
2	10
2	11
2	12
2	13
2	14
2	15
2	16
2	17
2	18
2	19
2	20
2	21
2	22
2	23
2	24
2	25
2	26
2	27
2	28
2	29
2	30
2	31
2	32
2	33
2	34
2	35
2	36
2	37
2	38
2	39
2	40
2	41
2	42
2	43
2	44
2	45
2	46
2	47
2	48
2	49
2	50
2	51
2	52
2	53
2	54
2	55
2	56
\.


--
-- Data for Name: excuses; Type: TABLE DATA; Schema: phillyfreeschool; Owner: postgres
--

COPY excuses (_id, student_id, inserted_date, date) FROM stdin;
1	29	2015-03-09 14:54:31.457003	2015-03-02
2	29	2015-03-09 14:54:41.582415	2015-03-03
3	30	2015-03-09 14:55:46.581246	2015-03-03
4	20	2015-03-09 15:03:27.750663	2015-03-02
5	21	2015-03-09 15:04:04.202979	2015-03-02
6	4	2015-03-09 15:07:01.951189	2015-03-02
7	5	2015-03-09 15:07:19.818489	2015-03-02
8	13	2015-03-09 15:12:11.921092	2015-03-02
9	13	2015-03-09 15:16:07.403686	2015-03-03
10	3	2015-03-09 15:18:17.301793	2015-03-09
11	43	2015-03-09 15:29:43.831146	2015-03-02
12	43	2015-03-09 15:30:01.368842	2015-03-03
13	11	2015-03-09 15:30:40.057148	2015-03-02
14	55	2015-03-09 15:37:28.86957	2015-03-04
15	17	2015-03-09 15:49:12.136888	2015-03-02
16	12	2015-03-09 15:49:55.372489	2015-03-02
17	31	2015-03-09 15:50:22.44127	2015-03-02
18	7	2015-03-10 14:03:35.472685	2015-03-02
19	7	2015-03-10 14:05:13.914908	2015-03-03
20	7	2015-03-10 14:07:30.393406	2015-03-09
21	20	2015-03-10 14:14:45.796763	2015-03-10
22	4	2015-03-10 18:07:49.611756	2015-03-03
23	4	2015-03-10 18:08:07.011978	2015-03-04
24	5	2015-03-10 18:08:37.045094	2015-03-03
25	5	2015-03-10 18:08:56.900674	2015-03-04
26	45	2015-03-11 19:13:32.14063	2015-03-03
27	55	2015-03-12 15:19:39.424494	2015-03-12
28	37	2015-03-12 15:20:02.790601	2015-03-09
29	37	2015-03-12 15:21:00.852631	2015-03-10
30	37	2015-03-12 15:21:11.488106	2015-03-11
31	37	2015-03-12 15:21:21.745496	2015-03-12
32	29	2015-03-12 15:23:57.004935	2015-03-10
33	33	2015-03-12 15:26:59.753054	2015-03-11
34	15	2015-03-12 15:27:29.941055	2015-03-11
35	15	2015-03-12 15:27:58.681438	2015-03-03
36	36	2015-03-12 15:28:45.055118	2015-03-02
37	36	2015-03-12 15:29:22.646741	2015-03-11
38	30	2015-03-12 15:31:06.250039	2015-03-10
39	34	2015-03-12 15:48:50.379015	2015-03-10
40	8	2015-03-12 16:27:55.458543	2015-03-12
41	7	2015-03-13 14:50:51.689642	2015-03-10
42	7	2015-03-13 14:51:20.310908	2015-03-11
43	22	2015-03-13 20:50:52.709924	2015-03-13
44	15	2015-03-13 20:52:07.680565	2015-03-13
45	32	2015-03-18 18:19:12.512578	2015-03-02
46	12	2015-03-18 18:35:45.69756	2015-03-18
47	11	2015-03-18 18:35:56.029182	2015-03-18
48	47	2015-03-18 18:41:32.49033	2015-03-12
49	56	2015-03-18 18:43:10.677742	2015-03-02
50	56	2015-03-18 18:43:13.45736	2015-03-03
51	56	2015-03-18 18:43:18.769084	2015-03-04
52	56	2015-03-18 18:43:21.731296	2015-03-09
53	56	2015-03-18 18:43:24.953923	2015-03-10
54	56	2015-03-18 18:43:28.210672	2015-03-11
55	56	2015-03-18 18:43:38.11847	2015-03-12
56	28	2015-03-18 18:44:00.049096	2015-03-02
57	34	2015-03-18 18:44:20.144872	2015-03-02
58	9	2015-03-18 18:58:10.942298	2015-03-02
59	30	2015-03-18 19:01:06.256063	2015-03-17
60	45	2015-03-18 19:03:04.302225	2015-03-04
61	19	2015-03-18 19:03:22.408616	2015-03-11
62	19	2015-03-18 19:03:32.677702	2015-03-13
63	7	2015-03-19 12:42:40.337653	2015-03-18
64	7	2015-03-19 12:42:52.839453	2015-03-12
65	35	2015-03-19 12:43:36.573503	2015-03-17
66	35	2015-03-19 12:43:40.204698	2015-03-18
67	22	2015-03-19 13:07:44.07722	2015-03-18
68	3	2015-03-19 13:48:25.82563	2015-03-18
\.


--
-- Name: excuses__id_seq; Type: SEQUENCE SET; Schema: phillyfreeschool; Owner: postgres
--

SELECT pg_catalog.setval('excuses__id_seq', 68, true);


--
-- Name: excuses_student_id_seq; Type: SEQUENCE SET; Schema: phillyfreeschool; Owner: postgres
--

SELECT pg_catalog.setval('excuses_student_id_seq', 1, false);


--
-- Data for Name: overrides; Type: TABLE DATA; Schema: phillyfreeschool; Owner: postgres
--

COPY overrides (_id, student_id, inserted_date, date) FROM stdin;
1	12	2015-03-18 18:40:52.494551	2015-03-12
2	24	2015-03-18 18:42:48.957702	2015-03-12
3	23	2015-03-18 18:46:14.264878	2015-03-12
4	48	2015-03-18 18:48:21.737009	2015-03-12
5	49	2015-03-18 18:49:31.070984	2015-03-12
6	14	2015-03-18 19:04:09.092219	2015-03-12
7	36	2015-03-18 20:00:36.548773	2015-03-13
8	27	2015-03-19 12:52:58.614153	2015-03-04
\.


--
-- Name: overrides__id_seq; Type: SEQUENCE SET; Schema: phillyfreeschool; Owner: postgres
--

SELECT pg_catalog.setval('overrides__id_seq', 8, true);


--
-- Name: overrides_student_id_seq; Type: SEQUENCE SET; Schema: phillyfreeschool; Owner: postgres
--

SELECT pg_catalog.setval('overrides_student_id_seq', 1, false);


--
-- Data for Name: students; Type: TABLE DATA; Schema: phillyfreeschool; Owner: postgres
--

COPY students (_id, name, inserted_date, olderdate, show_as_absent, archived) FROM stdin;
1	Arathilion Boom	2015-02-28 17:58:52.114107	\N	\N	f
2	John Darran	2015-02-28 17:59:07.69319	\N	\N	f
3	Jol Carlstein	2015-02-28 17:59:31.048086	\N	\N	f
4	Galak Daklan	2015-02-28 18:00:03.61059	2015-02-28	\N	f
5	Brodie Ananillka	2015-02-28 18:00:13.497292	2015-02-28	\N	f
6	Aria Xergo	2015-02-28 18:01:39.74869	\N	\N	f
7	Edea Rostoni	2015-02-28 18:01:56.847391	2015-02-28	\N	f
8	Elayne Janin	2015-02-28 18:02:20.010071	2015-02-28	\N	f
9	Klai Berus	2015-02-28 18:02:53.436831	2015-02-28	\N	f
10	Boc Kodd	2015-02-28 18:03:08.957112	\N	\N	f
11	Aztin Tess	2015-02-28 18:03:40.88869	\N	\N	f
12	Burin Cruz	2015-02-28 18:04:04.933979	\N	\N	f
13	Rine Grainer	2015-02-28 18:09:05.469534	\N	\N	f
14	Garr Salis	2015-02-28 18:09:40.932399	\N	\N	f
15	Nikana Kwai	2015-02-28 18:10:19.49899	\N	\N	f
16	Herub Arcturus	2015-02-28 18:10:43.146978	\N	\N	f
17	Proddo Scutu	2015-02-28 18:11:32.163393	2015-02-28	\N	f
18	Galven Twilight	2015-02-28 18:11:53.879631	2015-02-28	\N	f
19	Riyec Lester	2015-02-28 18:13:03.81862	\N	\N	f
20	Stanza Eisahn	2015-02-28 18:13:28.434347	2015-02-28	\N	f
21	Delcep Jasha	2015-02-28 18:13:54.660132	\N	\N	f
22	Sybegh Febri	2015-02-28 18:14:10.755825	2015-02-28	\N	f
23	Jorel Makesa	2015-02-28 18:14:33.021079	\N	\N	f
24	Nil Sunspot	2015-02-28 18:14:59.647788	\N	\N	f
25	Syrena Modun	2015-02-28 18:15:26.87682	\N	\N	f
26	Addison Nunes	2015-02-28 18:15:59.541962	\N	\N	f
27	Hiram Hethna	2015-02-28 18:16:27.597298	\N	\N	f
28	Nosh Ker Ghent	2015-02-28 18:16:56.219286	2015-02-28	\N	f
29	Squessibionaro Volsh	2015-02-28 18:18:35.369216	\N	\N	f
30	Giriz Cata	2015-02-28 18:18:48.953436	2015-02-28	\N	f
31	Darth Trammer	2015-02-28 18:19:14.19723	\N	\N	f
32	Derin Youngblood	2015-02-28 18:19:43.080167	\N	\N	f
33	Iocasta Dewan	2015-02-28 18:20:32.89105	2015-02-28	\N	f
34	Dei Dol	2015-02-28 18:21:07.645458	\N	\N	f
35	Leon Zih	2015-02-28 18:21:34.287546	\N	\N	f
36	Auugu Roeder	2015-02-28 18:21:57.771999	\N	\N	f
37	Wile Ktrame	2015-02-28 18:22:31.449561	\N	\N	f
38	Philipp Umdal	2015-02-28 18:23:06.31044	\N	\N	f
39	Yurist Quizan	2015-02-28 18:23:36.165564	\N	\N	f
40	Ala Taurendil	2015-02-28 18:24:01.406614	\N	\N	f
41	Fuil Chance	2015-02-28 18:24:20.965676	\N	\N	f
42	Paldamar Athan	2015-02-28 18:24:36.740241	\N	\N	f
43	Ben Brin	2015-02-28 18:25:21.159719	\N	\N	f
44	Europa Kestal	2015-02-28 18:25:42.240029	\N	\N	f
45	Xathas Cage	2015-02-28 18:25:56.593355	2015-02-28	\N	f
46	Warryk Joyriak	2015-02-28 18:26:18.549019	\N	\N	f
47	Pexereca Pollard	2015-02-28 18:26:33.810037	\N	\N	f
48	Dorn Kosokhan	2015-02-28 18:26:53.256968	\N	\N	f
49	Philipp Waray	2015-03-02 13:39:23.636741	\N	\N	f
50	Pacer Sixxkiller	2015-03-02 13:39:39.0226	\N	\N	f
51	Imay Ashen	2015-03-02 13:40:02.313919	\N	\N	f
52	Perth Warner	2015-03-02 13:41:23.178921	\N	\N	f
53	Maxon Lund	2015-03-02 13:41:51.289769	\N	\N	f
54	Keyan Omega	2015-03-02 13:56:04.98173	\N	\N	f
55	Cyern Brahnx	2015-03-02 14:15:16.5578	\N	\N	f
56	Frank Jahsop	2015-03-11 19:38:15.224542	\N	\N	f
\.


--
-- Name: students__id_seq; Type: SEQUENCE SET; Schema: phillyfreeschool; Owner: postgres
--

SELECT pg_catalog.setval('students__id_seq', 56, true);


--
-- Data for Name: swipes; Type: TABLE DATA; Schema: phillyfreeschool; Owner: postgres
--

COPY swipes (_id, student_id, in_time, inserted_date, out_time) FROM stdin;
521	11	2015-03-18 16:06:14.125-04	2015-03-18 20:06:14.147802	2015-03-18 16:06:25.632-04
10	53	2015-03-02 08:50:33.699-05	2015-03-02 13:50:33.723839	2015-03-02 14:09:38.911-05
44	13	2015-03-02 11:17:35.643-05	2015-03-02 16:17:35.671177	2015-03-02 14:15:04.037-05
4	45	2015-03-02 08:36:15.685-05	2015-03-02 13:36:15.708082	2015-03-02 14:28:44.123-05
26	6	2015-03-02 10:03:43.049-05	2015-03-02 15:03:43.081121	2015-03-02 15:30:41.283-05
27	9	2015-03-02 10:04:14.269-05	2015-03-02 15:04:14.327429	2015-03-02 15:30:57.157-05
16	26	2015-03-02 09:26:17.394-05	2015-03-02 14:26:17.424799	2015-03-02 15:32:49.26-05
36	3	2015-03-02 10:33:49.605-05	2015-03-02 15:33:49.62626	2015-03-02 15:33:07.293-05
15	27	2015-03-02 09:25:53.632-05	2015-03-02 14:25:53.660016	2015-03-02 15:33:30.395-05
34	32	2015-03-02 10:32:58.089-05	2015-03-02 15:32:58.128698	2015-03-02 15:33:42.46-05
8	47	2015-03-02 08:48:06.38-05	2015-03-02 13:48:06.448644	2015-03-02 15:37:14.754-05
13	10	2015-03-02 09:02:36.93-05	2015-03-02 14:02:36.970107	2015-03-02 15:37:34.241-05
9	50	2015-03-02 08:48:22.629-05	2015-03-02 13:48:22.649099	2015-03-02 15:37:46.305-05
31	22	2015-03-02 10:18:19.38-05	2015-03-02 15:18:19.416737	2015-03-02 15:42:00.495-05
11	54	2015-03-02 08:56:37.454-05	2015-03-02 13:56:37.475402	2015-03-02 15:45:26.337-05
35	19	2015-03-02 10:33:21.664-05	2015-03-02 15:33:21.696995	2015-03-02 15:45:42.494-05
5	1	2015-03-02 08:40:51.234-05	2015-03-02 13:40:51.289478	2015-03-02 15:49:26.681-05
30	42	2015-03-02 10:09:16.95-05	2015-03-02 15:09:16.974424	2015-03-02 15:50:07.683-05
29	41	2015-03-02 10:09:04.743-05	2015-03-02 15:09:04.775678	2015-03-02 15:50:36.668-05
23	14	2015-03-02 09:45:50.843-05	2015-03-02 14:45:50.869094	2015-03-02 15:51:04.562-05
22	37	2015-03-02 09:38:15.112-05	2015-03-02 14:38:15.174261	2015-03-02 15:51:47.253-05
42	36	2015-03-02 11:14:14.721-05	2015-03-02 16:14:14.763204	2015-03-02 15:54:13.664-05
20	44	2015-03-02 09:34:28.079-05	2015-03-02 14:34:28.099637	2015-03-02 15:56:55.331-05
33	28	2015-03-02 10:27:16.232-05	2015-03-02 15:27:16.253317	2015-03-02 15:57:51.019-05
14	33	2015-03-02 09:08:11.154-05	2015-03-02 14:08:11.202582	2015-03-02 15:58:01.212-05
43	7	2015-03-02 11:14:35.515-05	2015-03-02 16:14:35.555435	2015-03-02 15:58:11.926-05
32	30	2015-03-02 10:19:14.339-05	2015-03-02 15:19:14.367158	2015-03-02 15:58:22.598-05
40	16	2015-03-02 10:46:08.669-05	2015-03-02 15:46:08.701215	2015-03-02 15:59:13.473-05
6	2	2015-03-02 08:41:06.836-05	2015-03-02 13:41:06.961556	2015-03-02 15:59:25.71-05
37	40	2015-03-02 10:41:04.178-05	2015-03-02 15:41:04.21806	2015-03-02 16:01:29.497-05
38	38	2015-03-02 10:41:54.262-05	2015-03-02 15:41:54.305834	2015-03-02 16:01:40.804-05
25	35	2015-03-02 10:03:02.563-05	2015-03-02 15:03:02.64335	2015-03-02 16:01:54.021-05
46	11	2015-03-02 11:32:33.502-05	2015-03-02 16:32:33.531354	2015-03-02 16:02:07.823-05
39	39	2015-03-02 10:42:17.168-05	2015-03-02 15:42:17.266069	2015-03-02 16:02:32.074-05
3	25	2015-03-02 08:35:44.471-05	2015-03-02 13:35:44.508865	2015-03-02 16:02:53.507-05
24	15	2015-03-02 09:49:02.021-05	2015-03-02 14:49:02.070773	2015-03-02 16:03:13.834-05
45	12	2015-03-02 11:32:08.49-05	2015-03-02 16:32:08.52774	2015-03-02 16:03:32.845-05
1	46	2015-03-02 08:34:35.707-05	2015-03-02 13:34:35.741319	2015-03-02 16:03:55.279-05
7	49	2015-03-02 08:46:07.475-05	2015-03-02 13:46:12.497107	2015-03-02 16:13:59.892-05
2	48	2015-03-02 08:35:08.215-05	2015-03-02 13:35:08.305966	2015-03-02 16:14:14.843-05
21	52	2015-03-02 09:35:08.302-05	2015-03-02 14:35:08.351175	2015-03-02 17:08:04.157-05
19	51	2015-03-02 09:34:06.053-05	2015-03-02 14:34:06.096244	2015-03-02 17:08:21.486-05
18	23	2015-03-02 09:33:15.259-05	2015-03-02 14:33:15.28342	2015-03-02 17:08:30.775-05
17	24	2015-03-02 09:32:02.237-05	2015-03-02 14:32:02.272783	2015-03-02 17:08:40.294-05
522	49	2015-03-19 08:33:21.437-04	2015-03-19 12:33:21.453296	\N
530	27	2015-03-19 08:51:03.756-04	2015-03-19 12:51:03.770893	\N
537	54	2015-03-19 09:06:30.916-04	2015-03-19 13:06:30.933265	\N
543	22	2015-03-19 09:45:38.859-04	2015-03-19 13:45:38.880946	\N
548	43	2015-03-19 09:46:07.731-04	2015-03-19 13:46:07.74925	\N
558	37	2015-03-19 10:03:28.859-04	2015-03-19 14:03:28.943703	\N
555	46	2015-03-19 09:54:55.801-04	2015-03-19 13:54:55.819636	2015-03-19 14:30:42.836-04
561	36	2015-03-19 10:22:56.873-04	2015-03-19 14:22:56.898229	2015-03-19 15:53:04.746-04
539	51	2015-03-19 09:45:13.786-04	2015-03-19 13:45:13.818701	2015-03-19 16:01:00-04
28	55	2015-03-02 10:08:00-05	2015-03-02 15:08:00.023384	2015-03-02 15:15:00-05
68	15	2015-03-03 09:24:09.97-05	2015-03-03 14:24:09.9938	2015-03-03 13:42:16.048-05
70	43	2015-03-03 09:26:38.752-05	2015-03-03 14:26:38.771646	2015-03-03 14:21:22.246-05
56	53	2015-03-03 08:53:42.683-05	2015-03-03 13:53:42.705191	2015-03-03 14:26:52.744-05
63	27	2015-03-03 09:12:34.208-05	2015-03-03 14:12:34.232429	2015-03-03 15:35:44.816-05
65	3	2015-03-03 09:22:46.693-05	2015-03-03 14:22:46.72456	2015-03-03 15:36:04.584-05
54	25	2015-03-03 08:39:46.48-05	2015-03-03 13:39:46.511541	2015-03-03 15:41:08-05
41	8	2015-03-02 10:57:09.475-05	2015-03-02 15:57:09.510786	2015-03-02 14:00:00-05
12	18	2015-03-02 08:58:43.332-05	2015-03-02 13:58:43.359356	2015-03-02 15:19:00-05
82	8	2015-03-03 09:56:58.654-05	2015-03-03 14:56:58.681194	2015-03-03 12:15:09.985-05
72	55	2015-03-03 09:30:58.572-05	2015-03-03 14:30:58.604496	2015-03-03 15:24:36.506-05
93	4	2015-03-03 10:31:32.116-05	2015-03-03 15:31:32.159841	2015-03-03 15:31:01.825-05
92	5	2015-03-03 10:31:21.952-05	2015-03-03 15:31:22.00681	2015-03-03 15:31:19.724-05
66	34	2015-03-03 09:23:29.671-05	2015-03-03 14:23:29.691695	2015-03-03 15:36:25.046-05
91	36	2015-03-03 10:31:04.864-05	2015-03-03 15:31:04.897385	2015-03-03 15:38:15.687-05
89	22	2015-03-03 10:13:29.79-05	2015-03-03 15:13:29.855923	2015-03-03 15:44:33.805-05
49	54	2015-03-03 08:33:26.99-05	2015-03-03 13:33:27.020384	2015-03-03 15:44:47.168-05
96	18	2015-03-03 11:11:27.986-05	2015-03-03 16:11:28.014653	2015-03-03 15:45:20.965-05
47	50	2015-03-03 08:25:25.363-05	2015-03-03 13:25:25.395281	2015-03-03 15:48:39.296-05
48	47	2015-03-03 08:27:13.687-05	2015-03-03 13:27:13.704955	2015-03-03 15:48:54.706-05
52	41	2015-03-03 08:38:36.866-05	2015-03-03 13:38:36.895515	2015-03-03 15:49:41.877-05
53	42	2015-03-03 08:38:59.355-05	2015-03-03 13:38:59.375353	2015-03-03 15:50:18.321-05
81	21	2015-03-03 09:55:13.724-05	2015-03-03 14:55:13.752337	2015-03-03 15:50:46.885-05
55	14	2015-03-03 08:53:13.385-05	2015-03-03 13:53:13.423394	2015-03-03 15:51:11.263-05
69	32	2015-03-03 09:24:27.498-05	2015-03-03 14:24:27.516197	2015-03-03 15:54:33.149-05
94	35	2015-03-03 10:39:31.203-05	2015-03-03 15:39:31.240673	2015-03-03 15:56:20.175-05
90	19	2015-03-03 10:18:21.946-05	2015-03-03 15:18:22.074651	2015-03-03 15:57:16.357-05
87	40	2015-03-03 10:12:30.049-05	2015-03-03 15:12:30.097017	2015-03-03 15:58:50.943-05
71	44	2015-03-03 09:27:31.167-05	2015-03-03 14:27:31.206587	2015-03-03 15:59:22.413-05
76	33	2015-03-03 09:39:31.822-05	2015-03-03 14:39:31.847112	2015-03-03 15:59:37.277-05
67	17	2015-03-03 09:23:51.571-05	2015-03-03 14:23:51.592577	2015-03-03 16:00:09.477-05
95	7	2015-03-03 10:47:40.421-05	2015-03-03 15:47:40.466051	2015-03-03 16:00:20.791-05
75	16	2015-03-03 09:39:15.842-05	2015-03-03 14:39:15.869793	2015-03-03 16:00:42.51-05
50	2	2015-03-03 08:36:53.023-05	2015-03-03 13:36:53.0447	2015-03-03 16:00:55.537-05
84	9	2015-03-03 10:01:37.32-05	2015-03-03 15:01:37.348834	2015-03-03 16:01:10.773-05
83	6	2015-03-03 10:01:18.505-05	2015-03-03 15:01:18.549531	2015-03-03 16:01:24.772-05
79	20	2015-03-03 09:54:36.185-05	2015-03-03 14:54:36.22779	2015-03-03 16:01:36.011-05
61	28	2015-03-03 09:10:44.18-05	2015-03-03 14:10:44.215641	2015-03-03 16:02:05.524-05
62	26	2015-03-03 09:11:53.298-05	2015-03-03 14:11:53.329906	2015-03-03 16:02:28.996-05
64	31	2015-03-03 09:12:58.7-05	2015-03-03 14:12:58.718104	2015-03-03 16:03:09.077-05
78	12	2015-03-03 09:44:08.264-05	2015-03-03 14:44:08.295197	2015-03-03 16:03:43.213-05
77	11	2015-03-03 09:43:45.563-05	2015-03-03 14:43:45.607125	2015-03-03 16:04:20.349-05
86	38	2015-03-03 10:12:11.714-05	2015-03-03 15:12:11.760041	2015-03-03 16:09:03.616-05
88	39	2015-03-03 10:13:09.593-05	2015-03-03 15:13:09.649477	2015-03-03 16:09:25.398-05
59	23	2015-03-03 08:59:40.094-05	2015-03-03 13:59:40.132743	2015-03-03 16:11:38.518-05
60	51	2015-03-03 09:00:14.677-05	2015-03-03 14:00:14.705093	2015-03-03 16:11:50.65-05
74	48	2015-03-03 09:32:36.874-05	2015-03-03 14:32:36.905109	2015-03-03 16:12:08.116-05
58	24	2015-03-03 08:59:09.211-05	2015-03-03 13:59:09.231384	2015-03-03 16:13:42.685-05
57	10	2015-03-03 08:55:15.384-05	2015-03-03 13:55:15.45124	2015-03-03 16:14:01.153-05
80	37	2015-03-03 09:54:54.689-05	2015-03-03 14:54:54.717634	2015-03-03 16:14:38.817-05
85	52	2015-03-03 10:04:23.634-05	2015-03-03 15:04:23.733204	2015-03-03 16:15:25.389-05
51	1	2015-03-03 08:37:22.143-05	2015-03-03 13:37:22.160241	2015-03-03 16:19:42.254-05
73	49	2015-03-03 09:32:02.343-05	2015-03-03 14:32:02.361326	2015-03-03 16:28:05.272-05
97	45	2015-03-04 08:34:10.793-05	2015-03-04 13:34:11.081364	2015-03-04 14:04:58.235-05
128	44	2015-03-04 09:27:43.559-05	2015-03-04 14:27:43.619565	2015-03-04 14:19:46.876-05
123	19	2015-03-04 09:13:12.691-05	2015-03-04 14:13:12.731676	2015-03-04 15:08:50.927-05
99	47	2015-03-04 08:34:38.255-05	2015-03-04 13:34:38.302017	2015-03-04 15:25:43.334-05
121	17	2015-03-04 09:11:22.181-05	2015-03-04 14:11:22.261484	2015-03-04 15:36:54.523-05
111	20	2015-03-04 09:06:29.912-05	2015-03-04 14:06:29.981232	2015-03-04 15:38:52.988-05
110	21	2015-03-04 09:06:03.691-05	2015-03-04 14:06:03.795649	2015-03-04 15:50:53.324-05
108	54	2015-03-04 08:56:06.497-05	2015-03-04 13:56:06.516	2015-03-04 15:52:31.046-05
126	38	2015-03-04 09:21:51.137-05	2015-03-04 14:21:51.167896	2015-03-04 15:54:30.524-05
125	40	2015-03-04 09:21:37.597-05	2015-03-04 14:21:37.627086	2015-03-04 15:57:16.231-05
113	48	2015-03-04 09:07:39.395-05	2015-03-04 14:07:39.429326	2015-03-04 15:57:46.19-05
103	25	2015-03-04 08:37:03.354-05	2015-03-04 13:37:08.3966	2015-03-04 15:58:58.978-05
102	1	2015-03-04 08:35:41.351-05	2015-03-04 13:35:41.377194	2015-03-04 15:59:15.36-05
101	46	2015-03-04 08:35:22.354-05	2015-03-04 13:35:22.383934	2015-03-04 15:59:44.146-05
115	51	2015-03-04 09:08:29.159-05	2015-03-04 14:08:29.198784	2015-03-04 16:07:56.615-05
104	26	2015-03-04 08:47:15.947-05	2015-03-04 13:47:15.98203	2015-03-04 16:08:39.949-05
124	14	2015-03-04 09:14:40.488-05	2015-03-04 14:14:40.526542	2015-03-04 16:09:00.841-05
118	3	2015-03-04 09:09:48.419-05	2015-03-04 14:09:48.452193	2015-03-04 16:09:41.59-05
112	23	2015-03-04 09:07:16.251-05	2015-03-04 14:07:16.269163	2015-03-04 16:10:01.277-05
114	24	2015-03-04 09:08:07.87-05	2015-03-04 14:08:07.916647	2015-03-04 16:10:54.899-05
105	31	2015-03-04 08:47:43.288-05	2015-03-04 13:47:43.30872	2015-03-04 16:11:20.783-05
122	52	2015-03-04 09:12:51.851-05	2015-03-04 14:12:51.994665	2015-03-04 17:00:00-05
98	50	2015-03-04 08:34:22.719-05	2015-03-04 13:34:22.738686	2015-03-04 13:10:38.127-05
119	34	2015-03-04 09:10:39.262-05	2015-03-04 14:10:39.294798	2015-03-04 14:27:37.423-05
134	6	2015-03-04 09:42:24.179-05	2015-03-04 14:42:24.236065	2015-03-04 14:38:53.651-05
135	9	2015-03-04 09:42:54.187-05	2015-03-04 14:42:54.276165	2015-03-04 14:39:08.2-05
129	43	2015-03-04 09:33:16.309-05	2015-03-04 14:33:16.326519	2015-03-04 14:51:25.312-05
145	8	2015-03-04 11:11:01.851-05	2015-03-04 16:11:01.905918	2015-03-04 15:13:54.605-05
132	22	2015-03-04 09:39:55.215-05	2015-03-04 14:39:55.254507	2015-03-04 15:24:34.931-05
137	41	2015-03-04 09:59:06.438-05	2015-03-04 14:59:06.454932	2015-03-04 15:26:15.561-05
138	42	2015-03-04 09:59:25.245-05	2015-03-04 14:59:30.282503	2015-03-04 15:28:53.07-05
100	2	2015-03-04 08:35:06.549-05	2015-03-04 13:35:06.588642	2015-03-04 15:29:08.685-05
131	33	2015-03-04 09:37:16.214-05	2015-03-04 14:37:16.270236	2015-03-04 15:37:13.468-05
117	10	2015-03-04 09:09:25.879-05	2015-03-04 14:09:25.925163	2015-03-04 15:41:23.382-05
107	13	2015-03-04 08:54:40.31-05	2015-03-04 13:54:40.342377	2015-03-04 15:53:12.979-05
146	29	2015-03-04 11:21:01.371-05	2015-03-04 16:21:01.397227	2015-03-04 15:57:00.648-05
127	39	2015-03-04 09:22:35.591-05	2015-03-04 14:22:35.608533	2015-03-04 15:57:29.278-05
140	35	2015-03-04 10:03:32.667-05	2015-03-04 15:03:32.73729	2015-03-04 15:58:26.389-05
106	15	2015-03-04 08:54:12.659-05	2015-03-04 13:54:12.681817	2015-03-04 15:59:31.822-05
133	30	2015-03-04 09:40:16.621-05	2015-03-04 14:40:16.642225	2015-03-04 15:59:59.081-05
136	18	2015-03-04 09:58:51.075-05	2015-03-04 14:58:51.115515	2015-03-04 16:00:21.935-05
144	36	2015-03-04 10:56:14.137-05	2015-03-04 15:56:14.157668	2015-03-04 16:01:45.489-05
141	7	2015-03-04 10:24:10.866-05	2015-03-04 15:24:10.900916	2015-03-04 16:06:30.32-05
116	32	2015-03-04 09:08:48.247-05	2015-03-04 14:08:48.347185	2015-03-04 16:08:26.001-05
142	11	2015-03-04 10:39:42.588-05	2015-03-04 15:39:42.60469	2015-03-04 16:09:14.355-05
120	16	2015-03-04 09:10:55.696-05	2015-03-04 14:10:55.745577	2015-03-04 16:09:26.095-05
109	28	2015-03-04 08:58:00.899-05	2015-03-04 13:58:00.91743	2015-03-04 16:10:16.825-05
139	37	2015-03-04 10:00:02.514-05	2015-03-04 15:00:02.563797	2015-03-04 16:10:40.975-05
143	12	2015-03-04 10:41:23.811-05	2015-03-04 15:41:23.844013	2015-03-04 16:11:07.627-05
130	49	2015-03-04 09:36:59.135-05	2015-03-04 14:36:59.166961	2015-03-04 17:41:47.126-05
473	47	2015-03-18 08:31:06.261-04	2015-03-18 12:31:06.281183	2015-03-18 16:09:50.8-04
538	23	2015-03-19 09:11:33.749-04	2015-03-19 13:11:33.763516	\N
544	21	2015-03-19 09:45:45.596-04	2015-03-19 13:45:45.650633	\N
549	42	2015-03-19 09:46:13.416-04	2015-03-19 13:46:13.459711	\N
162	29	2015-03-09 09:06:19.686-04	2015-03-09 13:06:19.7339	2015-03-09 16:00:00-04
156	53	2015-03-09 08:48:39.752-04	2015-03-09 12:48:39.765775	2015-03-09 13:58:17.821-04
189	8	2015-03-09 10:28:26.455-04	2015-03-09 14:28:26.46442	2015-03-09 13:58:43.985-04
154	45	2015-03-09 08:44:42.2-04	2015-03-09 12:44:42.231079	2015-03-09 14:21:40.367-04
175	43	2015-03-09 09:34:20.547-04	2015-03-09 13:34:20.588013	2015-03-09 15:03:41.873-04
178	22	2015-03-09 09:47:10.793-04	2015-03-09 13:47:10.808925	2015-03-09 15:13:38.739-04
181	19	2015-03-09 10:07:26.161-04	2015-03-09 14:07:26.174163	2015-03-09 15:25:44.633-04
177	55	2015-03-09 09:45:39.936-04	2015-03-09 13:45:39.957026	2015-03-09 15:26:33.451-04
157	25	2015-03-09 08:54:31.21-04	2015-03-09 12:54:31.243402	2015-03-09 15:28:47.843-04
193	26	2015-03-09 10:50:33.406-04	2015-03-09 14:50:33.418358	2015-03-09 15:29:01.435-04
164	27	2015-03-09 09:07:20.896-04	2015-03-09 13:07:20.920748	2015-03-09 15:29:27.497-04
191	4	2015-03-09 10:38:37.239-04	2015-03-09 14:38:37.295859	2015-03-09 15:30:15.511-04
192	5	2015-03-09 10:40:04.513-04	2015-03-09 14:40:04.52407	2015-03-09 15:30:33.383-04
196	13	2015-03-09 11:07:41.474-04	2015-03-09 15:07:41.498311	2015-03-09 15:37:56.829-04
185	35	2015-03-09 10:20:26.98-04	2015-03-09 14:20:27.000543	2015-03-09 15:43:53.796-04
194	38	2015-03-09 10:51:52.377-04	2015-03-09 14:51:52.392213	2015-03-09 15:45:56.532-04
188	39	2015-03-09 10:28:17.19-04	2015-03-09 14:28:17.200315	2015-03-09 15:46:16.302-04
148	1	2015-03-09 08:37:18.395-04	2015-03-09 12:37:18.415128	2015-03-09 15:52:32.991-04
161	31	2015-03-09 09:05:59.047-04	2015-03-09 13:05:59.074113	2015-03-09 15:52:49.761-04
186	36	2015-03-09 10:23:40.917-04	2015-03-09 14:23:40.928405	2015-03-09 15:53:12.245-04
152	47	2015-03-09 08:39:38.274-04	2015-03-09 12:39:38.288224	2015-03-09 15:53:55.233-04
153	50	2015-03-09 08:44:25.601-04	2015-03-09 12:44:25.63539	2015-03-09 15:54:02.346-04
197	12	2015-03-09 11:30:33.748-04	2015-03-09 15:30:33.768217	2015-03-09 15:54:27.726-04
198	11	2015-03-09 11:30:43.403-04	2015-03-09 15:30:43.436548	2015-03-09 15:54:52.995-04
147	2	2015-03-09 08:37:01.336-04	2015-03-09 12:37:01.414852	2015-03-09 15:58:12.587-04
169	17	2015-03-09 09:20:29.437-04	2015-03-09 13:20:29.452698	2015-03-09 15:58:27.96-04
195	16	2015-03-09 10:56:53.22-04	2015-03-09 14:56:53.232227	2015-03-09 15:58:51.854-04
183	9	2015-03-09 10:09:47.56-04	2015-03-09 14:09:47.583063	2015-03-09 15:59:25.949-04
159	20	2015-03-09 08:56:35.989-04	2015-03-09 12:56:36.01348	2015-03-09 15:59:40.49-04
158	21	2015-03-09 08:56:25.658-04	2015-03-09 12:56:25.672004	2015-03-09 15:59:49.746-04
170	28	2015-03-09 09:30:54.404-04	2015-03-09 13:30:54.446768	2015-03-09 16:00:29.029-04
173	15	2015-03-09 09:33:23.677-04	2015-03-09 13:33:23.763488	2015-03-09 16:01:04.596-04
160	51	2015-03-09 09:02:18.264-04	2015-03-09 13:02:18.318522	2015-03-09 16:05:40.868-04
168	23	2015-03-09 09:18:40.135-04	2015-03-09 13:18:40.163113	2015-03-09 16:05:55.633-04
165	44	2015-03-09 09:09:55.864-04	2015-03-09 13:09:55.888477	2015-03-09 16:43:56.847-04
166	30	2015-03-09 09:10:53.371-04	2015-03-09 13:10:53.39745	2015-03-09 15:29:50.259-04
151	18	2015-03-09 08:37:57.484-04	2015-03-09 12:37:57.501547	2015-03-09 15:34:11.595-04
524	2	2015-03-19 08:33:43.409-04	2015-03-19 12:33:43.425269	\N
150	32	2015-03-09 08:37:38.355-04	2015-03-09 12:37:38.378172	2015-03-09 15:45:47.995-04
149	54	2015-03-09 08:37:29.199-04	2015-03-09 12:37:29.214025	2015-03-09 15:47:08.701-04
155	14	2015-03-09 08:48:15.644-04	2015-03-09 12:48:15.666124	2015-03-09 15:53:27.149-04
187	40	2015-03-09 10:28:03.89-04	2015-03-09 14:28:03.901519	2015-03-09 15:54:13.092-04
163	10	2015-03-09 09:07:00.296-04	2015-03-09 13:07:00.314097	2015-03-09 15:55:35.459-04
174	33	2015-03-09 09:33:49.1-04	2015-03-09 13:33:49.112825	2015-03-09 15:58:40.379-04
180	41	2015-03-09 09:51:58.451-04	2015-03-09 13:51:58.463183	2015-03-09 15:59:11.913-04
182	6	2015-03-09 10:09:36.141-04	2015-03-09 14:09:36.162763	2015-03-09 16:00:14.083-04
184	46	2015-03-09 10:16:00.587-04	2015-03-09 14:16:00.598035	2015-03-09 16:01:59.78-04
167	24	2015-03-09 09:15:51.366-04	2015-03-09 13:15:51.397469	2015-03-09 16:06:08.572-04
179	42	2015-03-09 09:51:50.342-04	2015-03-09 13:51:50.365399	2015-03-09 16:44:07.507-04
172	49	2015-03-09 09:33:10.911-04	2015-03-09 13:33:11.184944	2015-03-09 16:44:18.071-04
176	52	2015-03-09 09:39:07.274-04	2015-03-09 13:39:07.362429	2015-03-09 16:44:25.323-04
171	48	2015-03-09 09:32:54.384-04	2015-03-09 13:32:54.406033	2015-03-09 16:44:34.667-04
532	28	2015-03-19 08:53:44.877-04	2015-03-19 12:53:44.892148	\N
206	20	2015-03-10 08:35:49.308-04	2015-03-10 12:35:49.321562	2015-03-10 10:13:14.765-04
240	35	2015-03-10 10:22:20.084-04	2015-03-10 14:22:20.098224	2015-03-10 12:21:53.314-04
244	5	2015-03-10 10:33:05.665-04	2015-03-10 14:33:05.680002	2015-03-10 13:58:09.878-04
243	4	2015-03-10 10:32:54.978-04	2015-03-10 14:32:55.017287	2015-03-10 13:58:22.67-04
200	45	2015-03-10 08:32:07.552-04	2015-03-10 12:32:07.588033	2015-03-10 13:58:41.797-04
233	7	2015-03-10 09:51:50.704-04	2015-03-10 13:51:50.732586	2015-03-10 14:40:00.968-04
214	53	2015-03-10 08:58:46.398-04	2015-03-10 12:58:46.413885	2015-03-10 14:58:56.446-04
221	43	2015-03-10 09:24:04.554-04	2015-03-10 13:24:04.56981	2015-03-10 15:05:04.552-04
232	19	2015-03-10 09:51:17.704-04	2015-03-10 13:51:17.721254	2015-03-10 15:07:17.52-04
225	55	2015-03-10 09:30:05.89-04	2015-03-10 13:30:05.925073	2015-03-10 15:21:56.86-04
246	34	2015-03-10 10:33:33.088-04	2015-03-10 14:33:33.099301	2015-03-10 15:32:27.428-04
245	3	2015-03-10 10:33:15.537-04	2015-03-10 14:33:15.608558	2015-03-10 15:32:39.532-04
216	46	2015-03-10 09:00:25.948-04	2015-03-10 13:00:25.964765	2015-03-10 15:40:12.994-04
209	10	2015-03-10 08:54:25.685-04	2015-03-10 12:54:25.725648	2015-03-10 15:42:47.728-04
217	13	2015-03-10 09:02:45.29-04	2015-03-10 13:02:45.364689	2015-03-10 15:43:58.921-04
228	32	2015-03-10 09:31:56.352-04	2015-03-10 13:31:56.36552	2015-03-10 15:45:10.385-04
248	38	2015-03-10 11:02:36.578-04	2015-03-10 15:02:36.643661	2015-03-10 15:46:59.884-04
249	39	2015-03-10 11:02:57.294-04	2015-03-10 15:02:57.341195	2015-03-10 15:47:14.596-04
247	40	2015-03-10 11:02:16.274-04	2015-03-10 15:02:16.304359	2015-03-10 15:48:06.623-04
215	44	2015-03-10 08:59:11.774-04	2015-03-10 12:59:11.790495	2015-03-10 15:48:29.924-04
202	1	2015-03-10 08:32:42.846-04	2015-03-10 12:32:42.862868	2015-03-10 15:53:48.945-04
205	21	2015-03-10 08:35:40.734-04	2015-03-10 12:35:40.750976	2015-03-10 15:55:02.813-04
208	25	2015-03-10 08:45:45.985-04	2015-03-10 12:45:45.99929	2015-03-10 15:58:26.535-04
242	22	2015-03-10 10:25:04.179-04	2015-03-10 14:25:04.189856	2015-03-10 15:58:39.342-04
531	14	2015-03-19 08:51:25.236-04	2015-03-19 16:51:25.25	2015-03-19 15:00:00-04
213	14	2015-03-10 08:57:21.013-04	2015-03-10 12:57:21.026271	2015-03-10 15:59:38.519-04
211	27	2015-03-10 08:55:46.292-04	2015-03-10 12:55:46.310062	2015-03-10 16:01:05.844-04
251	18	2015-03-10 11:30:30.706-04	2015-03-10 15:30:30.744531	2015-03-10 16:01:15.01-04
220	41	2015-03-10 09:23:30.503-04	2015-03-10 13:23:30.531345	2015-03-10 16:01:25.101-04
231	28	2015-03-10 09:34:40.355-04	2015-03-10 13:34:40.368349	2015-03-10 16:02:16.414-04
219	42	2015-03-10 09:23:14.569-04	2015-03-10 13:23:14.596738	2015-03-10 16:02:37.725-04
237	17	2015-03-10 10:07:14.314-04	2015-03-10 14:07:14.348511	2015-03-10 16:03:03.067-04
203	2	2015-03-10 08:32:56.871-04	2015-03-10 12:32:56.885722	2015-03-10 16:03:23.919-04
227	33	2015-03-10 09:30:32.954-04	2015-03-10 13:30:32.995698	2015-03-10 16:03:44.12-04
234	16	2015-03-10 09:52:00.055-04	2015-03-10 13:52:00.069051	2015-03-10 16:04:02.39-04
207	54	2015-03-10 08:35:59.071-04	2015-03-10 12:35:59.083368	2015-03-10 16:04:22.555-04
235	9	2015-03-10 09:55:25.441-04	2015-03-10 13:55:25.475834	2015-03-10 16:04:39.428-04
236	6	2015-03-10 09:55:37.557-04	2015-03-10 13:55:37.580395	2015-03-10 16:04:58.144-04
226	15	2015-03-10 09:30:17.919-04	2015-03-10 13:30:17.95837	2015-03-10 16:05:25.652-04
238	12	2015-03-10 10:21:03.308-04	2015-03-10 14:21:03.325212	2015-03-10 16:05:46.594-04
239	11	2015-03-10 10:21:20.966-04	2015-03-10 14:21:20.977115	2015-03-10 16:06:03.207-04
212	31	2015-03-10 08:56:03.382-04	2015-03-10 12:56:03.397017	2015-03-10 16:06:16.19-04
210	26	2015-03-10 08:55:17.533-04	2015-03-10 12:55:17.546303	2015-03-10 16:06:35.449-04
241	36	2015-03-10 10:24:52.218-04	2015-03-10 14:24:52.255945	2015-03-10 16:06:44.912-04
250	8	2015-03-10 11:06:20.699-04	2015-03-10 15:06:20.710231	2015-03-10 16:08:49.915-04
201	50	2015-03-10 08:32:21.307-04	2015-03-10 12:32:21.3305	2015-03-10 16:11:07.612-04
204	47	2015-03-10 08:34:28.671-04	2015-03-10 12:34:28.697251	2015-03-10 16:11:57.501-04
229	48	2015-03-10 09:33:20.448-04	2015-03-10 13:33:20.462441	2015-03-10 16:16:30.61-04
230	49	2015-03-10 09:33:32.907-04	2015-03-10 13:33:32.928097	2015-03-10 16:28:22.687-04
224	24	2015-03-10 09:26:29.509-04	2015-03-10 13:26:29.523114	2015-03-10 16:32:36.196-04
218	51	2015-03-10 09:10:49.207-04	2015-03-10 13:10:49.233426	2015-03-10 16:33:26.845-04
223	23	2015-03-10 09:26:08.353-04	2015-03-10 13:26:08.368783	2015-03-10 16:33:37.095-04
222	52	2015-03-10 09:25:51.47-04	2015-03-10 13:25:51.484051	2015-03-10 16:32:46.499-04
253	45	2015-03-11 08:27:27.028-04	2015-03-11 12:27:27.04682	2015-03-11 13:41:08.431-04
285	43	2015-03-11 09:38:50.538-04	2015-03-11 13:38:50.569445	2015-03-11 14:26:47.093-04
291	4	2015-03-11 10:04:04.447-04	2015-03-11 14:04:04.520854	2015-03-11 14:41:26.601-04
292	5	2015-03-11 10:04:34.142-04	2015-03-11 14:04:34.188248	2015-03-11 14:41:40.401-04
300	8	2015-03-11 12:25:32.213-04	2015-03-11 16:25:32.233371	2015-03-11 15:16:36.076-04
294	19	2015-03-11 10:17:18.317-04	2015-03-11 14:17:18.344855	2015-03-11 15:17:31.032-04
282	55	2015-03-11 09:35:21.214-04	2015-03-11 13:35:21.266192	2015-03-11 15:20:49.909-04
287	18	2015-03-11 09:51:17.358-04	2015-03-11 13:51:17.36974	2015-03-11 15:25:34.636-04
262	13	2015-03-11 08:53:11.414-04	2015-03-11 12:53:11.430226	2015-03-11 15:28:51.389-04
286	22	2015-03-11 09:44:15.091-04	2015-03-11 13:44:15.131071	2015-03-11 15:31:14.033-04
298	30	2015-03-11 10:23:20.382-04	2015-03-11 14:23:20.404869	2015-03-11 15:32:29.493-04
252	47	2015-03-11 08:25:26.3-04	2015-03-11 12:25:26.376699	2015-03-11 15:34:41.721-04
254	50	2015-03-11 08:31:02.189-04	2015-03-11 12:31:02.209742	2015-03-11 15:35:35.352-04
256	2	2015-03-11 08:32:56.757-04	2015-03-11 12:32:56.769366	2015-03-11 15:39:07.194-04
281	32	2015-03-11 09:34:05.665-04	2015-03-11 13:34:05.677104	2015-03-11 15:39:54.59-04
284	3	2015-03-11 09:35:59.433-04	2015-03-11 13:35:59.446328	2015-03-11 15:40:59.472-04
283	34	2015-03-11 09:35:43.629-04	2015-03-11 13:35:43.66791	2015-03-11 15:41:22.625-04
276	42	2015-03-11 09:23:16.28-04	2015-03-11 13:23:16.302248	2015-03-11 15:44:33.335-04
275	41	2015-03-11 09:22:47.722-04	2015-03-11 13:22:47.763457	2015-03-11 15:45:44.769-04
263	35	2015-03-11 08:54:22.274-04	2015-03-11 12:54:22.303899	2015-03-11 15:47:45.166-04
277	44	2015-03-11 09:24:33.269-04	2015-03-11 13:24:33.295897	2015-03-11 15:48:15.773-04
260	21	2015-03-11 08:49:58.252-04	2015-03-11 12:49:58.277795	2015-03-11 15:51:23.398-04
259	54	2015-03-11 08:42:45.916-04	2015-03-11 12:42:45.958275	2015-03-11 15:52:07.358-04
278	48	2015-03-11 09:26:43.036-04	2015-03-11 13:26:43.054165	2015-03-11 15:54:40.962-04
268	10	2015-03-11 09:00:56.81-04	2015-03-11 13:00:56.834268	2015-03-11 15:55:37.987-04
290	9	2015-03-11 09:57:03.304-04	2015-03-11 13:57:03.315441	2015-03-11 15:56:31.577-04
280	31	2015-03-11 09:30:47.406-04	2015-03-11 13:30:47.446619	2015-03-11 15:59:36.932-04
295	29	2015-03-11 10:20:03.674-04	2015-03-11 14:20:03.722443	2015-03-11 16:00:04.674-04
257	26	2015-03-11 08:39:52.979-04	2015-03-11 12:39:53.014297	2015-03-11 16:00:18.468-04
258	27	2015-03-11 08:41:16.361-04	2015-03-11 12:41:16.402258	2015-03-11 16:00:32.576-04
289	6	2015-03-11 09:56:51.21-04	2015-03-11 13:56:51.246466	2015-03-11 16:00:45.574-04
269	28	2015-03-11 09:09:56.774-04	2015-03-11 13:09:56.798931	2015-03-11 16:01:02.241-04
299	16	2015-03-11 10:29:53.882-04	2015-03-11 14:29:53.912034	2015-03-11 16:01:26.552-04
261	20	2015-03-11 08:50:16.004-04	2015-03-11 12:50:16.029059	2015-03-11 16:01:46.982-04
274	17	2015-03-11 09:21:25.887-04	2015-03-11 13:21:25.918371	2015-03-11 16:01:57.811-04
293	46	2015-03-11 10:05:46.614-04	2015-03-11 14:05:46.679647	2015-03-11 16:02:12.191-04
297	11	2015-03-11 10:20:43.422-04	2015-03-11 14:20:43.442474	2015-03-11 16:03:00.574-04
272	38	2015-03-11 09:18:59.646-04	2015-03-11 13:18:59.684022	2015-03-11 16:03:24.815-04
255	1	2015-03-11 08:32:37.484-04	2015-03-11 12:32:37.515377	2015-03-11 16:03:34.188-04
296	12	2015-03-11 10:20:24.154-04	2015-03-11 14:20:24.17803	2015-03-11 16:03:50.763-04
270	25	2015-03-11 09:16:07.751-04	2015-03-11 13:16:07.782661	2015-03-11 16:04:12.756-04
271	40	2015-03-11 09:18:45.006-04	2015-03-11 13:18:45.04152	2015-03-11 16:04:30.79-04
273	39	2015-03-11 09:19:58.422-04	2015-03-11 13:19:58.447798	2015-03-11 16:04:44.14-04
266	24	2015-03-11 08:59:44.828-04	2015-03-11 12:59:44.882942	2015-03-11 16:06:10.869-04
264	14	2015-03-11 08:56:46.503-04	2015-03-11 12:56:46.550235	2015-03-11 16:06:58.202-04
265	23	2015-03-11 08:59:06.623-04	2015-03-11 12:59:06.649926	2015-03-11 16:08:21.467-04
267	51	2015-03-11 09:00:04.75-04	2015-03-11 13:00:04.766785	2015-03-11 16:08:32.852-04
288	52	2015-03-11 09:55:34.534-04	2015-03-11 13:55:34.585304	2015-03-11 17:16:02.555-04
279	49	2015-03-11 09:27:00.575-04	2015-03-11 13:27:00.600035	2015-03-11 17:43:15.543-04
533	18	2015-03-19 08:56:36.151-04	2015-03-19 12:56:36.167113	\N
302	47	2015-03-12 08:40:04.339-04	2015-03-12 12:40:04.371224	2015-03-12 10:49:49.773-04
307	53	2015-03-12 08:53:14.399-04	2015-03-12 12:53:14.419749	2015-03-12 14:11:55.043-04
304	45	2015-03-12 08:45:12.991-04	2015-03-12 12:45:13.020088	2015-03-12 14:36:43.691-04
319	25	2015-03-12 09:10:39.876-04	2015-03-12 13:10:39.907206	2015-03-12 15:18:40.449-04
325	10	2015-03-12 09:19:47.959-04	2015-03-12 13:19:48.10246	2015-03-12 15:53:37.523-04
303	44	2015-03-12 08:40:31.984-04	2015-03-12 12:40:32.003917	2015-03-12 15:55:08.162-04
320	15	2015-03-12 09:16:09.915-04	2015-03-12 13:16:09.949481	2015-03-12 15:58:56.994-04
309	31	2015-03-12 08:55:22.614-04	2015-03-12 12:55:22.640319	2015-03-12 16:00:32.11-04
318	16	2015-03-12 09:10:02.371-04	2015-03-12 13:10:02.388758	2015-03-12 16:05:10.47-04
311	13	2015-03-12 08:59:11.622-04	2015-03-12 12:59:11.647418	2015-03-12 16:05:26.661-04
316	23	2015-03-12 09:02:37.023-04	2015-03-12 13:02:37.081995	2015-03-12 09:02:37.023-04
315	24	2015-03-12 09:02:11.599-04	2015-03-12 13:02:11.654899	2015-03-12 09:02:11.599-04
306	14	2015-03-12 08:52:38.283-04	2015-03-12 12:52:38.335328	2015-03-12 08:52:38.283-04
324	49	2015-03-12 09:19:20.65-04	2015-03-12 13:19:20.667291	2015-03-12 09:19:20.65-04
313	51	2015-03-12 09:01:10.994-04	2015-03-12 13:01:11.041633	2015-03-12 09:01:10.994-04
326	8	2015-03-12 09:22:07.542-04	2015-03-12 13:22:07.561097	2015-03-12 12:17:45.037-04
526	25	2015-03-19 08:34:40.671-04	2015-03-19 12:34:40.694466	\N
301	50	2015-03-12 08:39:50.864-04	2015-03-12 12:39:50.897616	2015-03-12 14:35:35.294-04
347	56	2015-03-12 10:09:52.647-04	2015-03-12 14:09:52.668864	2015-03-12 14:54:15.333-04
342	19	2015-03-12 09:52:54.718-04	2015-03-12 13:52:54.747296	2015-03-12 15:02:14.525-04
332	22	2015-03-12 09:35:16.113-04	2015-03-12 13:35:16.153793	2015-03-12 15:18:57.351-04
329	43	2015-03-12 09:30:10.296-04	2015-03-12 13:30:10.337451	2015-03-12 15:24:28.232-04
345	35	2015-03-12 10:06:39.784-04	2015-03-12 14:06:39.801126	2015-03-12 15:25:26.552-04
333	17	2015-03-12 09:35:46.393-04	2015-03-12 13:35:46.419263	2015-03-12 15:28:52.492-04
305	2	2015-03-12 08:46:40.598-04	2015-03-12 12:46:40.63419	2015-03-12 15:29:20.58-04
327	33	2015-03-12 09:27:14.851-04	2015-03-12 13:27:14.900433	2015-03-12 15:30:33.466-04
308	26	2015-03-12 08:55:04.706-04	2015-03-12 12:55:04.726957	2015-03-12 15:36:55.004-04
310	27	2015-03-12 08:55:37.234-04	2015-03-12 12:55:37.251411	2015-03-12 15:38:30.473-04
356	12	2015-03-12 15:42:44.016-04	2015-03-12 19:42:44.047983	2015-03-12 15:43:22.809-04
353	11	2015-03-12 11:35:11.316-04	2015-03-12 15:35:11.347694	2015-03-12 15:43:53.299-04
312	18	2015-03-12 08:59:24.219-04	2015-03-12 12:59:24.242071	2015-03-12 15:44:52.864-04
343	9	2015-03-12 10:06:10.007-04	2015-03-12 14:06:10.023933	2015-03-12 15:45:41.021-04
344	6	2015-03-12 10:06:25.901-04	2015-03-12 14:06:25.92777	2015-03-12 15:45:56.393-04
323	34	2015-03-12 09:18:44.294-04	2015-03-12 13:18:44.327813	2015-03-12 15:46:49.246-04
322	3	2015-03-12 09:18:12.256-04	2015-03-12 13:18:12.273876	2015-03-12 15:47:08.277-04
321	32	2015-03-12 09:17:36.967-04	2015-03-12 13:17:36.985742	2015-03-12 15:47:21.792-04
317	54	2015-03-12 09:03:10.611-04	2015-03-12 13:03:10.685389	2015-03-12 15:51:28.977-04
351	30	2015-03-12 10:35:15.482-04	2015-03-12 14:35:15.502542	2015-03-12 15:54:48.666-04
354	46	2015-03-12 11:41:57.338-04	2015-03-12 15:41:57.357125	2015-03-12 15:56:30.571-04
348	29	2015-03-12 10:12:34.298-04	2015-03-12 14:12:34.323011	2015-03-12 15:56:43.837-04
545	20	2015-03-19 09:45:50.075-04	2015-03-19 17:45:50.094	2015-03-19 15:00:00-04
339	39	2015-03-12 09:44:20.047-04	2015-03-12 13:44:20.072097	2015-03-12 15:57:29.282-04
338	38	2015-03-12 09:42:45.049-04	2015-03-12 13:42:45.065079	2015-03-12 15:57:47.186-04
330	21	2015-03-12 09:34:36.012-04	2015-03-12 13:34:36.032127	2015-03-12 15:57:57.271-04
331	20	2015-03-12 09:34:50.063-04	2015-03-12 13:34:50.080488	2015-03-12 15:58:07.097-04
337	40	2015-03-12 09:42:33.621-04	2015-03-12 13:42:33.639724	2015-03-12 15:58:18.141-04
336	42	2015-03-12 09:39:40.912-04	2015-03-12 13:39:40.9436	2015-03-12 15:58:29.073-04
335	41	2015-03-12 09:39:21.493-04	2015-03-12 13:39:21.521571	2015-03-12 15:58:44.037-04
340	4	2015-03-12 09:45:06.416-04	2015-03-12 13:45:06.434381	2015-03-12 16:02:05.959-04
341	5	2015-03-12 09:45:16.497-04	2015-03-12 13:45:16.513569	2015-03-12 16:02:27.634-04
350	1	2015-03-12 10:28:28.937-04	2015-03-12 14:28:28.967907	2015-03-12 16:03:40.585-04
352	7	2015-03-12 10:41:27.953-04	2015-03-12 14:41:27.975528	2015-03-12 16:04:05.632-04
349	36	2015-03-12 10:25:01.565-04	2015-03-12 14:25:01.585151	2015-03-12 16:04:24.005-04
334	28	2015-03-12 09:37:43.458-04	2015-03-12 13:37:43.47734	2015-03-12 16:04:50.693-04
346	52	2015-03-12 10:08:07.5-04	2015-03-12 14:08:07.523772	2015-03-12 16:12:33.312-04
328	48	2015-03-12 09:27:30.79-04	2015-03-12 13:27:30.81625	2015-03-12 09:27:30.79-04
397	46	2015-03-13 09:58:29.014-04	2015-03-13 13:58:29.030212	2015-03-13 13:03:55.998-04
368	53	2015-03-13 08:52:19.845-04	2015-03-13 12:52:19.860101	2015-03-13 14:16:39.226-04
369	13	2015-03-13 08:54:40.531-04	2015-03-13 12:54:40.581364	2015-03-13 15:26:22.657-04
365	26	2015-03-13 08:46:15.476-04	2015-03-13 12:46:15.510461	2015-03-13 15:27:02.721-04
364	47	2015-03-13 08:38:22.272-04	2015-03-13 12:38:22.309023	2015-03-13 15:34:22.283-04
366	27	2015-03-13 08:46:51.635-04	2015-03-13 12:46:51.65863	2015-03-13 15:34:40.542-04
389	55	2015-03-13 09:35:42.648-04	2015-03-13 13:35:42.664646	2015-03-13 15:35:55.014-04
363	44	2015-03-13 08:37:08.198-04	2015-03-13 12:37:08.233968	2015-03-13 15:39:04.671-04
390	39	2015-03-13 09:36:00.715-04	2015-03-13 13:36:00.730487	2015-03-13 15:46:21.778-04
367	14	2015-03-13 08:51:11.949-04	2015-03-13 12:51:11.974809	2015-03-13 15:46:41.671-04
382	41	2015-03-13 09:23:40.129-04	2015-03-13 13:23:40.141483	2015-03-13 15:46:53.609-04
381	42	2015-03-13 09:23:29.045-04	2015-03-13 13:23:29.066852	2015-03-13 15:49:20.721-04
383	32	2015-03-13 09:25:57.729-04	2015-03-13 13:25:57.743444	2015-03-13 15:49:31.47-04
396	9	2015-03-13 09:56:12.416-04	2015-03-13 13:56:12.436895	2015-03-13 15:52:52.198-04
373	10	2015-03-13 09:02:43.771-04	2015-03-13 13:02:43.795611	2015-03-13 15:54:37.398-04
393	35	2015-03-13 09:45:52.948-04	2015-03-13 13:45:52.990255	2015-03-13 15:57:44.171-04
391	30	2015-03-13 09:39:17.002-04	2015-03-13 13:39:17.019222	2015-03-13 15:58:26.904-04
379	20	2015-03-13 09:16:05.994-04	2015-03-13 13:16:06.022168	2015-03-13 15:58:57.372-04
378	21	2015-03-13 09:15:49.736-04	2015-03-13 13:15:49.760018	2015-03-13 15:59:08.424-04
375	56	2015-03-13 09:06:02.711-04	2015-03-13 13:06:02.728317	2015-03-13 16:04:57.045-04
384	33	2015-03-13 09:30:49.314-04	2015-03-13 13:30:49.338388	2015-03-13 16:07:05.158-04
395	6	2015-03-13 09:55:55.818-04	2015-03-13 13:55:55.83476	2015-03-13 16:08:08.446-04
376	52	2015-03-13 09:08:50.394-04	2015-03-13 13:08:50.409826	2015-03-13 16:35:27.537-04
370	51	2015-03-13 09:00:16.685-04	2015-03-13 13:00:16.714234	2015-03-13 16:35:37.012-04
371	24	2015-03-13 09:00:33.653-04	2015-03-13 13:00:33.673074	2015-03-13 16:35:58.139-04
388	38	2015-03-13 09:34:40.589-04	2015-03-13 13:34:40.626449	2015-03-13 16:52:32.029-04
385	48	2015-03-13 09:32:58.385-04	2015-03-13 13:32:58.412558	2015-03-13 16:52:55.589-04
386	49	2015-03-13 09:33:17.517-04	2015-03-13 13:33:17.533406	2015-03-13 16:53:07.574-04
394	43	2015-03-13 09:54:56.784-04	2015-03-13 13:54:56.814751	2015-03-13 15:21:20.01-04
357	50	2015-03-13 08:33:32.954-04	2015-03-13 12:33:33.00772	2015-03-13 15:33:58.31-04
359	2	2015-03-13 08:34:02.143-04	2015-03-13 12:34:02.155703	2015-03-13 15:35:04.755-04
406	19	2015-03-13 10:38:51.089-04	2015-03-13 14:38:51.113911	2015-03-13 15:37:56.493-04
387	40	2015-03-13 09:34:24.029-04	2015-03-13 13:34:24.046861	2015-03-13 15:45:47.085-04
361	25	2015-03-13 08:36:09.739-04	2015-03-13 12:36:09.790384	2015-03-13 15:47:45.386-04
401	34	2015-03-13 10:29:44.982-04	2015-03-13 14:29:44.994665	2015-03-13 15:48:13.549-04
400	3	2015-03-13 10:29:27.835-04	2015-03-13 14:29:27.850521	2015-03-13 15:48:28.821-04
405	12	2015-03-13 10:31:58.683-04	2015-03-13 14:31:58.695213	2015-03-13 15:48:51.741-04
403	11	2015-03-13 10:31:41.08-04	2015-03-13 14:31:41.094656	2015-03-13 15:49:03.765-04
408	18	2015-03-13 10:42:35.792-04	2015-03-13 14:42:35.817962	2015-03-13 15:51:40.885-04
362	54	2015-03-13 08:36:33.481-04	2015-03-13 12:36:33.523053	2015-03-13 15:52:39.049-04
412	36	2015-03-12 09:00:00-04	2015-03-13 19:54:18.173262	\N
413	36	\N	2015-03-13 19:54:18.222193	2015-03-13 15:54:18.186-04
360	1	2015-03-13 08:34:17.45-04	2015-03-13 12:34:17.474485	2015-03-13 15:56:27.341-04
409	16	2015-03-13 10:42:48.021-04	2015-03-13 14:42:48.041931	2015-03-13 15:57:01.473-04
402	4	2015-03-13 10:31:15.64-04	2015-03-13 14:31:15.683515	2015-03-13 15:57:56.475-04
404	5	2015-03-13 10:31:49.6-04	2015-03-13 14:31:49.613891	2015-03-13 15:58:09.419-04
380	17	2015-03-13 09:18:38.397-04	2015-03-13 13:18:38.420534	2015-03-13 15:58:45.167-04
399	7	2015-03-13 10:24:35.217-04	2015-03-13 14:24:35.240102	2015-03-13 16:00:14.34-04
410	29	2015-03-13 10:55:21.276-04	2015-03-13 14:55:21.296536	2015-03-13 16:01:59.873-04
398	37	2015-03-13 10:05:20.768-04	2015-03-13 14:05:20.803916	2015-03-13 16:03:43.341-04
377	31	2015-03-13 09:10:51.242-04	2015-03-13 13:10:51.262559	2015-03-13 16:04:08.205-04
374	28	2015-03-13 09:05:16.89-04	2015-03-13 13:05:17.001172	2015-03-13 16:08:25.645-04
372	23	2015-03-13 09:00:53.733-04	2015-03-13 13:00:53.752718	2015-03-13 16:35:47.107-04
407	8	2015-03-13 10:39:23.927-04	2015-03-13 14:39:23.939427	2015-03-13 16:51:12.353-04
358	45	2015-03-13 08:33:43.501-04	2015-03-13 12:33:43.516292	2015-03-13 16:52:43.063-04
540	15	2015-03-19 09:45:19.25-04	2015-03-19 13:45:19.270941	\N
546	30	2015-03-19 09:45:55.188-04	2015-03-19 13:45:55.217576	\N
553	3	2015-03-19 09:52:33.36-04	2015-03-19 13:52:33.397072	\N
556	52	2015-03-19 10:01:09.036-04	2015-03-19 14:01:09.058362	\N
559	9	2015-03-19 10:17:35.67-04	2015-03-19 14:17:35.687653	\N
534	53	2015-03-19 08:58:01.855-04	2015-03-19 12:58:01.869692	2015-03-19 14:06:41.323-04
527	45	2015-03-19 08:40:06.09-04	2015-03-19 12:40:06.105326	2015-03-19 15:00:42.139-04
444	8	2015-03-17 09:37:46.687-04	2015-03-17 13:37:46.712154	2015-03-17 12:13:38.902-04
417	45	2015-03-17 08:31:52.138-04	2015-03-17 12:31:52.165715	2015-03-17 13:04:23.134-04
436	3	2015-03-17 09:13:51.692-04	2015-03-17 13:13:51.714252	2015-03-17 13:31:07.185-04
425	53	2015-03-17 08:49:18.79-04	2015-03-17 12:49:18.812542	2015-03-17 14:10:37.236-04
439	43	2015-03-17 09:21:21.009-04	2015-03-17 13:21:21.073276	2015-03-17 15:20:22.738-04
463	4	2015-03-17 10:33:42.32-04	2015-03-17 14:33:42.349199	2015-03-17 15:27:48.462-04
462	5	2015-03-17 10:33:39.666-04	2015-03-17 14:33:39.709512	2015-03-17 15:27:51.958-04
433	23	2015-03-17 09:01:44.506-04	2015-03-17 13:01:44.53135	2015-03-17 15:40:08.298-04
465	52	2015-03-17 10:37:19.543-04	2015-03-17 14:37:19.566318	2015-03-17 15:41:17.304-04
448	19	2015-03-17 09:57:40.452-04	2015-03-17 13:57:40.476159	2015-03-17 15:31:35.302-04
432	24	2015-03-17 09:01:33.652-04	2015-03-17 13:01:33.673521	2015-03-17 15:41:59.053-04
424	13	2015-03-17 08:48:47.397-04	2015-03-17 12:48:47.42002	2015-03-17 15:42:43.496-04
458	36	2015-03-17 10:18:48.923-04	2015-03-17 14:18:48.961384	2015-03-17 15:44:46.099-04
430	44	2015-03-17 08:56:30.783-04	2015-03-17 12:56:30.810605	2015-03-17 15:45:09.894-04
468	54	2015-03-17 11:10:22.059-04	2015-03-17 15:10:22.080067	2015-03-17 15:50:01.187-04
435	34	2015-03-17 09:13:35.463-04	2015-03-17 13:13:35.503685	2015-03-17 15:50:56.227-04
438	56	2015-03-17 09:15:57.189-04	2015-03-17 13:15:57.215388	2015-03-17 15:51:09.203-04
454	32	2015-03-17 10:14:48.339-04	2015-03-17 14:14:48.374468	2015-03-17 15:51:19.758-04
420	50	2015-03-17 08:38:02.362-04	2015-03-17 12:38:02.38379	2015-03-17 15:53:09.994-04
421	47	2015-03-17 08:38:06.879-04	2015-03-17 12:38:06.896907	2015-03-17 15:53:13.962-04
437	15	2015-03-17 09:14:03.722-04	2015-03-17 13:14:03.787629	2015-03-17 15:53:24.309-04
422	25	2015-03-17 08:41:52.71-04	2015-03-17 12:41:52.723851	2015-03-17 15:54:14.489-04
450	42	2015-03-17 10:09:29.749-04	2015-03-17 14:09:29.786291	2015-03-17 15:54:38.271-04
451	41	2015-03-17 10:09:33.981-04	2015-03-17 14:09:34.0234	2015-03-17 15:55:24.373-04
423	10	2015-03-17 08:48:21.496-04	2015-03-17 12:48:21.532736	2015-03-17 15:56:54.612-04
453	29	2015-03-17 10:14:12.014-04	2015-03-17 14:14:12.036696	2015-03-17 16:00:49.686-04
441	33	2015-03-17 09:31:06.911-04	2015-03-17 13:31:06.933954	2015-03-17 16:01:02.833-04
419	1	2015-03-17 08:33:00.887-04	2015-03-17 12:33:00.905719	2015-03-17 16:02:10.024-04
415	21	2015-03-17 08:31:33.073-04	2015-03-17 12:31:33.387959	2015-03-17 16:02:41.107-04
416	20	2015-03-17 08:31:40.487-04	2015-03-17 12:31:40.509096	2015-03-17 16:02:50.742-04
446	9	2015-03-17 09:48:12.883-04	2015-03-17 13:48:12.909404	2015-03-17 16:03:37.966-04
447	6	2015-03-17 09:48:19.911-04	2015-03-17 13:48:19.947702	2015-03-17 16:03:54.194-04
455	38	2015-03-17 10:17:43.871-04	2015-03-17 14:17:43.899878	2015-03-17 16:04:03.078-04
457	39	2015-03-17 10:18:08.841-04	2015-03-17 14:18:08.863066	2015-03-17 16:04:11.278-04
461	7	2015-03-17 10:26:24.832-04	2015-03-17 14:26:24.851722	2015-03-17 16:04:23.592-04
449	16	2015-03-17 10:02:55.529-04	2015-03-17 14:02:55.648691	2015-03-17 16:04:34.462-04
431	17	2015-03-17 08:59:12.826-04	2015-03-17 12:59:12.854043	2015-03-17 16:04:41.06-04
418	2	2015-03-17 08:32:44.954-04	2015-03-17 12:32:44.996903	2015-03-17 16:04:47.104-04
440	28	2015-03-17 09:29:36.816-04	2015-03-17 13:29:36.845922	2015-03-17 16:04:54.518-04
456	40	2015-03-17 10:17:56.261-04	2015-03-17 14:17:56.281878	2015-03-17 16:05:22.163-04
467	12	2015-03-17 10:54:35.484-04	2015-03-17 14:54:35.504318	2015-03-17 16:05:57.31-04
466	11	2015-03-17 10:54:29.699-04	2015-03-17 14:54:29.718313	2015-03-17 16:06:03.743-04
442	48	2015-03-17 09:33:57.085-04	2015-03-17 13:33:57.107629	2015-03-17 16:06:15.284-04
427	27	2015-03-17 08:53:38.744-04	2015-03-17 12:53:38.767901	2015-03-17 16:06:41.756-04
429	31	2015-03-17 08:53:57.742-04	2015-03-17 12:53:57.775782	2015-03-17 16:06:47.848-04
428	26	2015-03-17 08:53:47.069-04	2015-03-17 12:53:47.091666	2015-03-17 16:06:55.529-04
426	14	2015-03-17 08:49:27.7-04	2015-03-17 12:49:27.740734	2015-03-17 16:07:05.513-04
460	18	2015-03-17 10:20:22.979-04	2015-03-17 14:20:23.000281	2015-03-17 16:07:10.99-04
445	22	2015-03-17 09:46:26.689-04	2015-03-17 13:46:26.712055	2015-03-17 16:07:20.18-04
452	46	2015-03-17 10:12:47.263-04	2015-03-17 14:12:47.301505	2015-03-17 16:07:41.79-04
464	55	2015-03-17 10:34:43.776-04	2015-03-17 14:34:43.79585	2015-03-17 16:07:45.922-04
434	51	2015-03-17 09:01:53.671-04	2015-03-17 13:01:53.704038	2015-03-17 16:09:38.314-04
459	37	2015-03-17 10:19:19.931-04	2015-03-17 14:19:19.962607	2015-03-17 16:12:54.055-04
443	49	2015-03-17 09:34:01.76-04	2015-03-17 13:34:01.782837	2015-03-17 16:12:58.267-04
495	48	2015-03-18 09:30:37.7-04	2015-03-18 13:30:37.742636	2015-03-18 15:53:31.089-04
487	54	2015-03-18 09:03:39.926-04	2015-03-18 13:03:39.943562	2015-03-18 15:55:43.568-04
491	15	2015-03-18 09:24:45.84-04	2015-03-18 13:24:45.912493	2015-03-18 15:55:57.382-04
493	30	2015-03-18 09:26:49.692-04	2015-03-18 13:26:49.716153	2015-03-18 15:59:09.358-04
496	20	2015-03-18 09:36:43.532-04	2015-03-18 13:36:43.578746	2015-03-18 15:59:19.73-04
502	17	2015-03-18 09:52:45.853-04	2015-03-18 13:52:45.873391	2015-03-18 15:59:33.732-04
475	2	2015-03-18 08:33:28.894-04	2015-03-18 12:33:28.914724	2015-03-18 15:59:54.575-04
481	31	2015-03-18 08:55:52.245-04	2015-03-18 12:55:52.265075	2015-03-18 16:00:32.839-04
474	1	2015-03-18 08:33:13.833-04	2015-03-18 12:33:13.852573	2015-03-18 16:00:39.726-04
501	33	2015-03-18 09:50:48.605-04	2015-03-18 13:50:48.659132	2015-03-18 16:00:53.941-04
482	26	2015-03-18 08:56:07.678-04	2015-03-18 12:56:07.700918	2015-03-18 16:01:08.827-04
483	27	2015-03-18 08:57:28.893-04	2015-03-18 12:57:28.912138	2015-03-18 16:01:45.542-04
479	14	2015-03-18 08:55:23.397-04	2015-03-18 12:55:23.415599	2015-03-18 15:39:06.032-04
497	34	2015-03-18 09:49:08.159-04	2015-03-18 13:49:08.191264	2015-03-18 15:41:41.514-04
471	40	2015-03-18 08:29:11.426-04	2015-03-18 12:29:11.448875	2015-03-18 16:02:22.14-04
478	45	2015-03-18 08:45:41.383-04	2015-03-18 12:45:41.413796	2015-03-18 16:04:50.717-04
485	23	2015-03-18 09:01:21.133-04	2015-03-18 13:01:21.16665	2015-03-18 16:05:10.46-04
486	51	2015-03-18 09:01:40.129-04	2015-03-18 13:01:40.157201	2015-03-18 16:05:18.68-04
484	24	2015-03-18 09:01:14.161-04	2015-03-18 13:01:14.235021	2015-03-18 16:05:24.742-04
480	53	2015-03-18 08:55:40.078-04	2015-03-18 12:55:40.099465	2015-03-18 16:08:35.779-04
469	50	2015-03-18 08:28:20.118-04	2015-03-18 12:28:20.205074	2015-03-18 16:09:47.732-04
494	49	2015-03-18 09:30:25.473-04	2015-03-18 13:30:25.491648	2015-03-18 16:14:55.901-04
535	13	2015-03-19 09:04:17.006-04	2015-03-19 13:04:17.060462	\N
541	24	2015-03-19 09:45:27.17-04	2015-03-19 13:45:27.18974	\N
509	8	2015-03-18 10:26:45.394-04	2015-03-18 14:26:45.420316	2015-03-18 12:29:35.716-04
492	52	2015-03-18 09:26:29.077-04	2015-03-18 13:26:29.108292	2015-03-18 14:21:42.173-04
511	55	2015-03-18 10:29:05.56-04	2015-03-18 14:29:05.581785	2015-03-18 14:53:04.909-04
477	44	2015-03-18 08:38:49.67-04	2015-03-18 12:38:49.688173	2015-03-18 15:05:47.62-04
513	4	2015-03-18 10:35:20.395-04	2015-03-18 14:35:20.477873	2015-03-18 15:18:47.993-04
514	5	2015-03-18 10:35:26.276-04	2015-03-18 14:35:26.298417	2015-03-18 15:18:52.675-04
506	43	2015-03-18 10:08:34.782-04	2015-03-18 14:08:34.816256	2015-03-18 15:23:20.096-04
507	19	2015-03-18 10:12:46.765-04	2015-03-18 14:12:46.79952	2015-03-18 15:24:02.915-04
488	13	2015-03-18 09:15:36.107-04	2015-03-18 13:15:36.143674	2015-03-18 15:42:55.951-04
504	9	2015-03-18 09:54:27.976-04	2015-03-18 13:54:28.01061	2015-03-18 15:43:12.137-04
503	6	2015-03-18 09:54:22.553-04	2015-03-18 13:54:22.574527	2015-03-18 15:43:15.869-04
472	28	2015-03-18 08:30:01.315-04	2015-03-18 12:30:01.333992	2015-03-18 15:43:30.482-04
498	32	2015-03-18 09:49:14.84-04	2015-03-18 13:49:14.860906	2015-03-18 15:43:34.653-04
489	10	2015-03-18 09:17:22.964-04	2015-03-18 13:17:22.997476	2015-03-18 15:44:39.881-04
470	46	2015-03-18 08:28:29.927-04	2015-03-18 12:28:29.945629	2015-03-18 15:48:43.11-04
517	39	2015-03-18 10:55:03.555-04	2015-03-18 14:55:03.592852	2015-03-18 15:49:04.846-04
500	41	2015-03-18 09:50:21.384-04	2015-03-18 13:50:21.424405	2015-03-18 15:49:51.844-04
499	42	2015-03-18 09:50:14.454-04	2015-03-18 13:50:14.482771	2015-03-18 15:50:10.824-04
476	25	2015-03-18 08:36:49.96-04	2015-03-18 12:36:49.985908	2015-03-18 15:50:21.202-04
490	56	2015-03-18 09:19:38.754-04	2015-03-18 13:19:38.77171	2015-03-18 15:51:06.964-04
518	38	2015-03-18 10:57:40.317-04	2015-03-18 14:57:40.338089	2015-03-18 15:56:11.705-04
516	29	2015-03-18 10:52:15.056-04	2015-03-18 14:52:15.07835	2015-03-18 15:57:19.47-04
508	36	2015-03-18 10:26:40.768-04	2015-03-18 14:26:40.789649	2015-03-18 15:58:54.232-04
510	18	2015-03-18 10:28:49.448-04	2015-03-18 14:28:49.467728	2015-03-18 15:59:50.424-04
505	16	2015-03-18 10:01:04.238-04	2015-03-18 14:01:04.349209	2015-03-18 16:00:01.591-04
519	12	2015-03-18 11:24:56.507-04	2015-03-18 15:24:56.540282	2015-03-18 16:02:07.882-04
520	11	2015-03-18 11:25:02.958-04	2015-03-18 15:25:02.982549	2015-03-18 16:02:12.021-04
512	7	2015-03-18 10:34:19.698-04	2015-03-18 14:34:19.71733	2015-03-18 16:04:41.363-04
515	37	2015-03-18 10:43:44.12-04	2015-03-18 14:43:44.149664	2015-03-18 16:04:46.9-04
536	44	2015-03-19 09:04:30.311-04	2015-03-19 13:04:30.345151	\N
542	10	2015-03-19 09:45:33.847-04	2015-03-19 13:45:33.943518	\N
551	17	2015-03-19 09:46:23.264-04	2015-03-19 13:46:23.28519	\N
557	33	2015-03-19 10:03:22.106-04	2015-03-19 14:03:22.171312	\N
568	35	2015-03-22 20:51:10.334-04	2015-03-22 20:51:10.340241	\N
569	8	2015-03-31 17:07:18.903-04	2015-03-31 17:07:18.909871	\N
571	11	2015-03-31 17:07:25.824-04	2015-03-31 17:07:25.833067	\N
547	55	2015-03-19 09:46:01.6-04	2015-03-19 17:46:01.632	2015-03-19 15:00:00-04
573	55	2015-03-31 17:07:47.886-04	2015-03-31 17:07:47.895993	\N
574	40	2015-03-31 17:07:50.08-04	2015-03-31 17:07:50.08975	\N
575	4	2015-03-31 17:07:52.608-04	2015-03-31 17:07:52.61746	\N
525	1	2015-03-19 08:34:03.806-04	2015-03-19 16:34:03.823	2015-03-19 15:00:00-04
576	1	2015-03-31 17:08:06-04	2015-03-31 17:08:06.009071	\N
560	6	2015-03-19 10:17:39.536-04	2015-03-19 18:17:39.553	2015-03-19 15:00:00-04
550	41	2015-03-19 09:46:16.886-04	2015-03-19 17:46:16.908	2015-03-19 15:00:00-04
578	41	2015-03-31 17:09:56.069-04	2015-03-31 17:09:56.076934	\N
554	34	2015-03-19 09:52:54.412-04	2015-03-19 17:52:54.432	2015-03-19 15:00:00-04
580	34	2015-03-31 17:10:03.253-04	2015-03-31 17:10:03.261456	\N
529	31	2015-03-19 08:50:40.596-04	2015-03-19 16:50:40.612	2015-03-19 15:00:00-04
581	31	2015-03-31 17:10:06.52-04	2015-03-31 17:10:06.529503	\N
523	48	2015-03-19 08:33:29.497-04	2015-03-19 16:33:29.525	2015-03-19 15:00:00-04
582	48	2015-03-31 17:10:10.283-04	2015-03-31 17:10:10.292843	\N
583	5	2015-03-31 17:10:12.227-04	2015-03-31 17:10:12.237247	\N
579	20	2015-03-31 17:09:59.557-04	2015-03-31 21:09:59.565	2015-03-31 17:23:08.307-04
552	32	2015-03-19 09:52:24.251-04	2015-03-19 17:52:24.273	2015-03-19 15:00:00-04
584	32	2015-03-31 17:23:14.934-04	2015-03-31 17:23:14.943209	\N
585	14	2015-03-31 17:23:19.294-04	2015-03-31 17:23:19.305433	\N
586	27	2015-03-31 08:00:21.693-04	2015-03-31 21:23:22.747	2015-03-31 17:23:22.803-04
570	16	2015-03-31 17:07:23.297-04	2015-03-31 21:07:23.304	2015-03-31 15:00:00-04
587	16	2015-04-01 06:57:31.817-04	2015-04-01 06:57:31.824949	\N
528	26	2015-03-19 08:50:26.557-04	2015-03-19 16:50:26.576	2015-03-19 15:00:00-04
577	6	2015-03-31 17:08:09.39-04	2015-03-31 21:08:09.397	2015-03-31 15:00:00-04
589	6	2015-04-01 06:57:45.71-04	2015-04-01 06:57:45.718441	\N
590	20	2015-04-01 06:57:48.547-04	2015-04-01 06:57:48.55382	\N
572	36	2015-03-31 17:07:28.518-04	2015-03-31 21:07:28.527	2015-03-31 15:00:00-04
591	36	2015-04-01 06:57:52.64-04	2015-04-01 06:57:52.646897	\N
592	11	2015-04-01 08:00:50.337-04	2015-04-01 11:03:51.793	2015-04-01 07:03:51.814-04
594	43	2015-04-01 08:00:59.712-04	2015-04-01 11:04:00.868	2015-04-01 07:04:00.925-04
595	4	2015-04-01 08:00:03.503-04	2015-04-01 11:04:04.612	2015-04-01 07:04:04.671-04
596	5	2015-04-01 08:00:37.192-04	2015-04-01 11:04:38.59	2015-04-01 07:04:38.64-04
597	1	2015-04-01 08:00:41.599-04	2015-04-01 11:04:43.175	2015-04-01 07:04:43.213-04
588	26	2015-04-01 06:57:36.101-04	2015-04-01 10:57:36.109	2015-04-01 07:05:41.453-04
600	9	2015-09-07 15:40:05.715-04	2015-09-07 15:40:05.725923	\N
602	10	2015-09-07 15:40:08.541-04	2015-09-07 15:40:08.553098	\N
603	5	2015-09-07 15:40:10.022-04	2015-09-07 19:40:10.033	2015-09-07 15:40:20.438-04
601	43	2015-09-07 15:40:07.196-04	2015-09-07 19:40:07.207	2015-09-07 15:40:22.122-04
605	29	2015-09-07 15:40:16.819-04	2015-09-07 19:40:16.83	2015-09-07 15:40:30.212-04
\.


--
-- Name: swipes__id_seq; Type: SEQUENCE SET; Schema: phillyfreeschool; Owner: postgres
--

SELECT pg_catalog.setval('swipes__id_seq', 605, true);


--
-- Name: swipes_student_id_seq; Type: SEQUENCE SET; Schema: phillyfreeschool; Owner: postgres
--

SELECT pg_catalog.setval('swipes_student_id_seq', 1, false);


--
-- Data for Name: users; Type: TABLE DATA; Schema: phillyfreeschool; Owner: postgres
--

COPY users (user_id, username, password, roles, inserted_date) FROM stdin;
\.


--
-- Name: users_user_id_seq; Type: SEQUENCE SET; Schema: phillyfreeschool; Owner: postgres
--

SELECT pg_catalog.setval('users_user_id_seq', 1, false);


--
-- Data for Name: years; Type: TABLE DATA; Schema: phillyfreeschool; Owner: postgres
--

COPY years (_id, from_date, to_date, inserted_date, name) FROM stdin;
1	2014-07-23 00:00:00-04	2015-06-17 00:00:00-04	2015-02-22 20:01:57.124763	2014-07-23 2015-06-17
3	2014-07-23 00:00:00-04	2016-06-17 00:00:00-04	2016-01-29 07:07:44.408871	2014-07-23 2016-06-17
\.


--
-- Name: years__id_seq; Type: SEQUENCE SET; Schema: phillyfreeschool; Owner: postgres
--

SELECT pg_catalog.setval('years__id_seq', 3, true);


SET search_path = public, pg_catalog;

--
-- Data for Name: schema_migrations; Type: TABLE DATA; Schema: public; Owner: postgres
--

COPY schema_migrations (id) FROM stdin;
\.


--
-- Data for Name: schools; Type: TABLE DATA; Schema: public; Owner: postgres
--

COPY schools (school_id, name, inserted_date) FROM stdin;
1	Philly Free School	2016-01-24 11:50:44.217452
2	test	2016-01-24 12:41:07.122308
3	test	2016-01-24 12:41:08.788464
4	test	2016-01-24 12:41:09.8628
\.


--
-- Name: schools_school_id_seq; Type: SEQUENCE SET; Schema: public; Owner: postgres
--

SELECT pg_catalog.setval('schools_school_id_seq', 4, true);


--
-- Data for Name: session_store; Type: TABLE DATA; Schema: public; Owner: postgres
--

COPY session_store (session_id, idle_timeout, absolute_timeout, value) FROM stdin;
080a8eb2-abb3-4116-8977-2dd1feb4ddc3	\N	\N	\\x4e50590800000122f0101b000000026a1863656d657269636b2e667269656e642f6964656e746974791f0070046a0f61757468110070636174696f6e7316009002690561646d696e190d009c066a04747970656a1448000039000e5e00fc0d776f726b666c6f776a10696e7465726163746976652d666f726d6a214200c072656469726563742d6f6e2d4e00323f040172009308757365726e616d658900816a05726f6c657317d100a1136f766572736565722e1500102f2c002b6a14150001c000246a08ec00044800f0000763757272656e74690561646d696e
1eca9c70-ab04-4aa0-9333-c45235ebb4af	\N	\N	\\x4e50590800000164f0101b000000026a1863656d657269636b2e667269656e642f6964656e746974791f0070046a0f61757468110070636174696f6e7316009002690561646d696e190d009c066a04747970656a1448000039000e5e00fc0d776f726b666c6f776a10696e7465726163746976652d666f726d6a214200c072656469726563742d6f6e2d4e00303f04017200e00c6a07757365725f696464016a080b00436e616d659400816a05726f6c657317dc00a1136f766572736565722e1500102f2c002b6a14150001cb00916a0b736368656d615f4b00f41c107068696c6c79667265657363686f6f6c6a0d696e7365727465645f646174655a000001529cb07ded6a082e01047f00f0000763757272656e74690561646d696e
\.


--
-- Data for Name: users; Type: TABLE DATA; Schema: public; Owner: postgres
--

COPY users (user_id, username, password, roles, schema_name, inserted_date) FROM stdin;
1	admin	$2a$10$qidnbTwmjkaPhEwEuBRlbenzfKNnp5M7iPqorEHXcNPyOdbdvYfYe	#{:overseer.roles/user :overseer.roles/admin}	phillyfreeschool	2016-02-01 06:55:58.317287
2	super	$2a$10$kz6pvxQJL7GUX5bgAZqhAOs1GMoKegZ9ZTIVhwUByJPgl5kyASmEi	#{:overseer.roles/user :overseer.roles/admin :overseer.roles/super}	phillyfreeschool	2016-02-01 06:55:58.486588
3	user	$2a$10$XYNn9aZNi1J3Nd2EADnQMuh3O8BHdrMzksVEoK4IkQW.f0Jzu0t6a	#{:overseer.roles/user}	phillyfreeschool	2016-02-01 06:55:58.654605
4	admin2	$2a$10$frDtNCmuehxfabECmlKE8OZPzwm/JeKxh2oKhaeUP.8x3cOSibyvy	#{:overseer.roles/user :overseer.roles/admin}	demo	2016-02-01 06:55:58.824468
5	demo	$2a$10$ef3FxI0sgUrDLIZGwtI37uErYFBqFlBgMnnZoVcZbSzawPZAmnXNS	#{:overseer.roles/user :overseer.roles/admin}	demo	2016-02-01 06:55:58.990112
\.


--
-- Name: users_user_id_seq; Type: SEQUENCE SET; Schema: public; Owner: postgres
--

SELECT pg_catalog.setval('users_user_id_seq', 5, true);


SET search_path = demo, pg_catalog;

--
-- Name: classes_pkey; Type: CONSTRAINT; Schema: demo; Owner: postgres; Tablespace: 
--

ALTER TABLE ONLY classes
    ADD CONSTRAINT classes_pkey PRIMARY KEY (_id);


--
-- Name: excuses_pkey; Type: CONSTRAINT; Schema: demo; Owner: postgres; Tablespace: 
--

ALTER TABLE ONLY excuses
    ADD CONSTRAINT excuses_pkey PRIMARY KEY (_id);


--
-- Name: overrides_pkey; Type: CONSTRAINT; Schema: demo; Owner: postgres; Tablespace: 
--

ALTER TABLE ONLY overrides
    ADD CONSTRAINT overrides_pkey PRIMARY KEY (_id);


--
-- Name: students_pkey; Type: CONSTRAINT; Schema: demo; Owner: postgres; Tablespace: 
--

ALTER TABLE ONLY students
    ADD CONSTRAINT students_pkey PRIMARY KEY (_id);


--
-- Name: swipes_pkey; Type: CONSTRAINT; Schema: demo; Owner: postgres; Tablespace: 
--

ALTER TABLE ONLY swipes
    ADD CONSTRAINT swipes_pkey PRIMARY KEY (_id);


--
-- Name: years_pkey; Type: CONSTRAINT; Schema: demo; Owner: postgres; Tablespace: 
--

ALTER TABLE ONLY years
    ADD CONSTRAINT years_pkey PRIMARY KEY (_id);


SET search_path = philly, pg_catalog;

--
-- Name: students_pkey; Type: CONSTRAINT; Schema: philly; Owner: postgres; Tablespace: 
--

ALTER TABLE ONLY students
    ADD CONSTRAINT students_pkey PRIMARY KEY (_id);


SET search_path = phillyfreeschool, pg_catalog;

--
-- Name: classes_pkey; Type: CONSTRAINT; Schema: phillyfreeschool; Owner: postgres; Tablespace: 
--

ALTER TABLE ONLY classes
    ADD CONSTRAINT classes_pkey PRIMARY KEY (_id);


--
-- Name: excuses_pkey; Type: CONSTRAINT; Schema: phillyfreeschool; Owner: postgres; Tablespace: 
--

ALTER TABLE ONLY excuses
    ADD CONSTRAINT excuses_pkey PRIMARY KEY (_id);


--
-- Name: overrides_pkey; Type: CONSTRAINT; Schema: phillyfreeschool; Owner: postgres; Tablespace: 
--

ALTER TABLE ONLY overrides
    ADD CONSTRAINT overrides_pkey PRIMARY KEY (_id);


--
-- Name: students_pkey; Type: CONSTRAINT; Schema: phillyfreeschool; Owner: postgres; Tablespace: 
--

ALTER TABLE ONLY students
    ADD CONSTRAINT students_pkey PRIMARY KEY (_id);


--
-- Name: swipes_pkey; Type: CONSTRAINT; Schema: phillyfreeschool; Owner: postgres; Tablespace: 
--

ALTER TABLE ONLY swipes
    ADD CONSTRAINT swipes_pkey PRIMARY KEY (_id);


--
-- Name: users_pkey; Type: CONSTRAINT; Schema: phillyfreeschool; Owner: postgres; Tablespace: 
--

ALTER TABLE ONLY users
    ADD CONSTRAINT users_pkey PRIMARY KEY (user_id);


--
-- Name: years_pkey; Type: CONSTRAINT; Schema: phillyfreeschool; Owner: postgres; Tablespace: 
--

ALTER TABLE ONLY years
    ADD CONSTRAINT years_pkey PRIMARY KEY (_id);


SET search_path = public, pg_catalog;

--
-- Name: schema_migrations_id_key; Type: CONSTRAINT; Schema: public; Owner: postgres; Tablespace: 
--

ALTER TABLE ONLY schema_migrations
    ADD CONSTRAINT schema_migrations_id_key UNIQUE (id);


--
-- Name: schools_pkey; Type: CONSTRAINT; Schema: public; Owner: postgres; Tablespace: 
--

ALTER TABLE ONLY schools
    ADD CONSTRAINT schools_pkey PRIMARY KEY (school_id);


--
-- Name: session_store_pkey; Type: CONSTRAINT; Schema: public; Owner: postgres; Tablespace: 
--

ALTER TABLE ONLY session_store
    ADD CONSTRAINT session_store_pkey PRIMARY KEY (session_id);


--
-- Name: users_pkey; Type: CONSTRAINT; Schema: public; Owner: postgres; Tablespace: 
--

ALTER TABLE ONLY users
    ADD CONSTRAINT users_pkey PRIMARY KEY (user_id);


SET search_path = demo, pg_catalog;

--
-- Name: classes_x_students_class_id_fkey; Type: FK CONSTRAINT; Schema: demo; Owner: postgres
--

ALTER TABLE ONLY classes_x_students
    ADD CONSTRAINT classes_x_students_class_id_fkey FOREIGN KEY (class_id) REFERENCES classes(_id);


--
-- Name: classes_x_students_student_id_fkey; Type: FK CONSTRAINT; Schema: demo; Owner: postgres
--

ALTER TABLE ONLY classes_x_students
    ADD CONSTRAINT classes_x_students_student_id_fkey FOREIGN KEY (student_id) REFERENCES students(_id);


SET search_path = phillyfreeschool, pg_catalog;

--
-- Name: classes_x_students_class_id_fkey; Type: FK CONSTRAINT; Schema: phillyfreeschool; Owner: postgres
--

ALTER TABLE ONLY classes_x_students
    ADD CONSTRAINT classes_x_students_class_id_fkey FOREIGN KEY (class_id) REFERENCES classes(_id);


--
-- Name: classes_x_students_student_id_fkey; Type: FK CONSTRAINT; Schema: phillyfreeschool; Owner: postgres
--

ALTER TABLE ONLY classes_x_students
    ADD CONSTRAINT classes_x_students_student_id_fkey FOREIGN KEY (student_id) REFERENCES students(_id);


--
-- Name: public; Type: ACL; Schema: -; Owner: postgres
--

REVOKE ALL ON SCHEMA public FROM PUBLIC;
REVOKE ALL ON SCHEMA public FROM postgres;
GRANT ALL ON SCHEMA public TO postgres;
GRANT ALL ON SCHEMA public TO PUBLIC;


--
-- PostgreSQL database dump complete
--

